JvmtiExport can_access_local_variables 0
JvmtiExport can_hotswap_or_post_breakpoint 0
JvmtiExport can_post_on_exceptions 0
# 431 ciObject found
instanceKlass com/android/tools/r8/graph/j9
ciInstanceKlass java/lang/Cloneable 1 0 7 100 1 100 1 1 1
instanceKlass com/android/tools/r8/internal/uh
instanceKlass com/android/tools/r8/internal/qf1
instanceKlass com/android/tools/r8/internal/pb4
instanceKlass com/android/tools/r8/internal/qb4
instanceKlass com/android/tools/r8/internal/t80
instanceKlass com/android/tools/r8/internal/tq1
instanceKlass com/android/tools/r8/internal/rw
instanceKlass com/android/tools/r8/internal/vk1
instanceKlass com/android/tools/r8/ir/optimize/c0
instanceKlass com/android/tools/r8/graph/pc
instanceKlass com/android/tools/r8/graph/nc
instanceKlass com/android/tools/r8/shaking/j
instanceKlass com/android/tools/r8/graph/mb
instanceKlass com/android/tools/r8/graph/e7
instanceKlass com/android/tools/r8/graph/ub
instanceKlass com/android/tools/r8/graph/rb
instanceKlass com/android/tools/r8/shaking/k4
instanceKlass com/android/tools/r8/graph/nb
instanceKlass com/android/tools/r8/graph/a9
instanceKlass com/android/tools/r8/internal/d50
instanceKlass com/android/tools/r8/internal/no
instanceKlass com/android/tools/r8/internal/ro
instanceKlass com/android/tools/r8/internal/vb
instanceKlass com/android/tools/r8/internal/wb
instanceKlass com/android/tools/r8/internal/fe0
instanceKlass com/android/tools/r8/internal/he0
instanceKlass com/android/tools/r8/internal/je0
instanceKlass com/android/tools/r8/internal/vo1
instanceKlass com/android/tools/r8/internal/vd0
instanceKlass com/android/tools/r8/internal/td0
instanceKlass com/android/tools/r8/internal/ms
instanceKlass com/android/tools/r8/internal/pe1
instanceKlass com/android/tools/r8/internal/tz0
instanceKlass com/android/tools/r8/internal/k94
instanceKlass com/android/tools/r8/internal/ew0
instanceKlass com/android/tools/r8/internal/sj2
instanceKlass com/android/tools/r8/internal/kc2
instanceKlass com/android/tools/r8/internal/rg0
instanceKlass com/android/tools/r8/internal/e91
instanceKlass com/android/tools/r8/internal/z4
instanceKlass com/android/tools/r8/internal/y23
instanceKlass com/android/tools/r8/internal/ql2
instanceKlass com/android/tools/r8/internal/ol2
instanceKlass com/android/tools/r8/internal/sk2
instanceKlass com/android/tools/r8/internal/ow
instanceKlass com/android/tools/r8/internal/ki2
instanceKlass com/android/tools/r8/internal/zu2
instanceKlass com/android/tools/r8/internal/su0
instanceKlass com/android/tools/r8/internal/u13
instanceKlass com/android/tools/r8/internal/xm
instanceKlass com/android/tools/r8/internal/d91
instanceKlass com/android/tools/r8/internal/ct4
instanceKlass com/android/tools/r8/internal/j61
instanceKlass com/android/tools/r8/internal/a41
instanceKlass com/android/tools/r8/internal/ve2
instanceKlass com/android/tools/r8/internal/dm
instanceKlass com/android/tools/r8/internal/rh1
instanceKlass com/android/tools/r8/internal/q0
instanceKlass com/android/tools/r8/internal/yh1
instanceKlass com/android/tools/r8/internal/io
instanceKlass com/android/tools/r8/internal/x53
instanceKlass com/android/tools/r8/internal/go
instanceKlass com/android/tools/r8/internal/hd
instanceKlass com/android/tools/r8/internal/iq
instanceKlass com/android/tools/r8/internal/xd1
instanceKlass com/android/tools/r8/internal/c54
instanceKlass com/android/tools/r8/position/TextRange
instanceKlass com/android/tools/r8/internal/qj
instanceKlass com/android/tools/r8/position/TextPosition
instanceKlass com/android/tools/r8/internal/l64
instanceKlass com/android/tools/r8/internal/u21
instanceKlass com/android/tools/r8/graph/ed
instanceKlass com/android/tools/r8/internal/jk
instanceKlass com/android/tools/r8/internal/h73
instanceKlass com/android/tools/r8/internal/td1
instanceKlass com/android/tools/r8/internal/gm
instanceKlass com/android/tools/r8/internal/md4
instanceKlass com/android/tools/r8/internal/pn1
instanceKlass com/android/tools/r8/internal/a1
instanceKlass com/android/tools/r8/internal/fj1
instanceKlass com/android/tools/r8/internal/bm$a
instanceKlass com/android/tools/r8/graph/h0$a
instanceKlass com/android/tools/r8/graph/i1
instanceKlass com/android/tools/r8/internal/p0
instanceKlass com/android/tools/r8/internal/dj1
instanceKlass com/android/tools/r8/internal/zh1
instanceKlass com/android/tools/r8/internal/z3
instanceKlass com/android/tools/r8/internal/wi4
instanceKlass com/android/tools/r8/internal/qp
instanceKlass com/android/tools/r8/internal/pp
instanceKlass com/android/tools/r8/internal/pm1
instanceKlass com/android/tools/r8/internal/cm1
instanceKlass com/android/tools/r8/internal/y53
instanceKlass com/android/tools/r8/internal/v21
instanceKlass com/android/tools/r8/internal/om1
instanceKlass com/android/tools/r8/internal/jq
instanceKlass com/android/tools/r8/graph/p9
instanceKlass com/android/tools/r8/graph/o9
instanceKlass com/android/tools/r8/internal/os1
instanceKlass com/android/tools/r8/internal/dm1
instanceKlass com/android/tools/r8/internal/vm1
instanceKlass com/android/tools/r8/internal/wg4
instanceKlass com/android/tools/r8/internal/vg4
instanceKlass com/android/tools/r8/internal/k21
instanceKlass com/android/tools/r8/internal/wc2
instanceKlass com/android/tools/r8/internal/eg4
instanceKlass com/android/tools/r8/references/MethodReference
instanceKlass com/android/tools/r8/internal/g03
instanceKlass com/android/tools/r8/internal/gk2
instanceKlass com/android/tools/r8/internal/ty0
instanceKlass com/android/tools/r8/internal/sm
instanceKlass com/android/tools/r8/internal/ho
instanceKlass com/android/tools/r8/internal/ft
instanceKlass com/android/tools/r8/internal/yq2
instanceKlass com/android/tools/r8/internal/ci4
instanceKlass com/android/tools/r8/internal/vj3
instanceKlass com/android/tools/r8/internal/r3
instanceKlass com/android/tools/r8/internal/tj3
instanceKlass com/android/tools/r8/internal/wy0
instanceKlass com/android/tools/r8/ir/optimize/f
instanceKlass com/android/tools/r8/synthesis/c
instanceKlass com/android/tools/r8/internal/sz
instanceKlass com/android/tools/r8/internal/dr4
instanceKlass com/android/tools/r8/internal/la
instanceKlass com/android/tools/r8/androidapi/f$a
instanceKlass com/android/tools/r8/androidapi/a
instanceKlass com/android/tools/r8/internal/ef3
instanceKlass com/android/tools/r8/internal/j92
instanceKlass com/android/tools/r8/internal/ta4
instanceKlass sun/rmi/transport/SequenceEntry
instanceKlass sun/rmi/transport/DGCImpl$1
instanceKlass sun/rmi/transport/DGCImpl$LeaseInfo
instanceKlass sun/rmi/transport/Transport$1
instanceKlass com/android/tools/r8/internal/kf1
instanceKlass sun/rmi/transport/tcp/TCPTransport$ConnectionHandler
instanceKlass com/android/tools/r8/internal/sq4
instanceKlass com/android/tools/r8/internal/ky0
instanceKlass com/android/tools/r8/internal/uq4
instanceKlass com/android/tools/r8/internal/d94
instanceKlass com/android/tools/r8/internal/wf1
instanceKlass com/android/tools/r8/internal/a73
instanceKlass com/android/tools/r8/internal/sf1
instanceKlass com/android/tools/r8/internal/cr2
instanceKlass com/android/tools/r8/internal/ze1
instanceKlass com/android/tools/r8/internal/ne1
instanceKlass com/android/tools/r8/internal/o62
instanceKlass com/android/tools/r8/internal/u
instanceKlass com/android/tools/r8/internal/k92
instanceKlass com/android/tools/r8/internal/i92
instanceKlass com/android/tools/r8/internal/m92
instanceKlass com/android/tools/r8/internal/nd1
instanceKlass com/android/tools/r8/internal/rr0
instanceKlass com/android/tools/r8/internal/g4
instanceKlass com/android/tools/r8/internal/c4
instanceKlass com/android/tools/r8/internal/az
instanceKlass com/android/tools/r8/internal/yl4
instanceKlass com/android/tools/r8/internal/ys0
instanceKlass com/android/tools/r8/internal/ke
instanceKlass com/android/tools/r8/internal/v71
instanceKlass com/android/tools/r8/internal/ni2
instanceKlass com/android/tools/r8/ir/optimize/w
instanceKlass com/android/tools/r8/ir/optimize/r
instanceKlass sun/rmi/transport/DGCAckHandler$1
instanceKlass com/android/tools/r8/internal/lu2
instanceKlass com/android/tools/r8/internal/rf1
instanceKlass com/android/tools/r8/internal/kh2
instanceKlass com/android/tools/r8/internal/xf1
instanceKlass com/android/tools/r8/internal/zf1
instanceKlass com/android/tools/r8/internal/m0
instanceKlass org/jetbrains/kotlin/build/report/metrics/BuildMetrics
instanceKlass com/android/tools/r8/internal/xh1
instanceKlass sun/rmi/transport/DGCAckHandler
instanceKlass com/android/tools/r8/internal/x34
instanceKlass com/android/tools/r8/internal/oe1
instanceKlass com/android/tools/r8/internal/jl2
instanceKlass sun/rmi/server/UnicastServerRef$HashToMethod_Maps$1
instanceKlass sun/rmi/transport/ObjectTable$Reaper
instanceKlass com/android/tools/r8/internal/th2
instanceKlass sun/rmi/transport/tcp/TCPTransport$AcceptLoop
instanceKlass com/android/tools/r8/internal/xg0
instanceKlass sun/rmi/server/Util$1
instanceKlass com/android/tools/r8/internal/pa
instanceKlass org/jetbrains/kotlin/daemon/common/IncrementalCompilerServicesFacade
instanceKlass com/android/tools/r8/internal/ka
instanceKlass org/jetbrains/kotlin/daemon/common/IncrementalCompilationOptions$Companion
instanceKlass com/android/tools/r8/internal/ag2
instanceKlass org/jetbrains/kotlin/daemon/common/ReportSeverity$Companion
instanceKlass com/android/tools/r8/internal/wd
instanceKlass org/jetbrains/kotlin/daemon/common/ReportCategory$Companion
instanceKlass com/android/tools/r8/internal/na
instanceKlass com/android/tools/r8/internal/ma
instanceKlass org/jetbrains/kotlin/compilerRunner/GradleKotlinCompilerWork$WhenMappings
instanceKlass com/android/tools/r8/internal/i3
instanceKlass org/jetbrains/kotlin/gradle/logging/GradleBufferingMessageCollector
instanceKlass com/android/tools/r8/startup/diagnostic/MissingStartupProfileItemsDiagnostic$a
instanceKlass com/android/tools/r8/startup/StartupProfileBuilder
instanceKlass com/android/tools/r8/internal/q84
instanceKlass com/android/tools/r8/internal/j3
instanceKlass org/jetbrains/kotlin/gradle/logging/GradlePrintingMessageCollector$WhenMappings
instanceKlass org/jetbrains/kotlin/cli/common/messages/GradleStyleMessageRenderer$WhenMappings
instanceKlass org/jetbrains/kotlin/cli/common/messages/MessageCollector$Companion$NONE$1
instanceKlass org/jetbrains/kotlin/cli/common/messages/MessageCollector$Companion
instanceKlass org/jetbrains/kotlin/compilerRunner/KotlinCompilerRunnerUtils$WhenMappings
instanceKlass org/jetbrains/kotlin/daemon/client/CompileServiceSession
instanceKlass com/android/tools/r8/profile/art/ArtProfileBuilder
instanceKlass com/android/tools/r8/internal/r9
instanceKlass com/android/tools/r8/naming/r1
instanceKlass java/util/regex/Pattern$1
instanceKlass com/android/tools/r8/internal/yy
instanceKlass com/android/tools/r8/internal/e03
instanceKlass com/android/tools/r8/internal/ge
instanceKlass com/android/tools/r8/internal/ce
instanceKlass com/android/tools/r8/internal/ee
instanceKlass com/android/tools/r8/internal/be
instanceKlass com/android/tools/r8/internal/wf
instanceKlass com/android/tools/r8/synthesis/f0
instanceKlass com/android/tools/r8/synthesis/d
instanceKlass com/android/tools/r8/synthesis/b
instanceKlass sun/rmi/server/WeakClassHashMap$ValueCell
instanceKlass sun/rmi/transport/ObjectEndpoint
instanceKlass sun/rmi/transport/ObjectTable
instanceKlass com/android/tools/r8/synthesis/y0
instanceKlass sun/rmi/transport/Target
instanceKlass sun/rmi/transport/DGCImpl$2$1
instanceKlass sun/rmi/transport/DGCImpl_Skel
instanceKlass java/rmi/server/Skeleton
instanceKlass com/android/tools/r8/synthesis/s
instanceKlass sun/rmi/server/Dispatcher
instanceKlass java/rmi/server/ServerRef
instanceKlass sun/rmi/transport/DGCImpl$2
instanceKlass com/android/tools/r8/synthesis/t
instanceKlass com/android/tools/r8/SyntheticInfoConsumerData
instanceKlass sun/rmi/transport/DGCClient$EndpointEntry$1
instanceKlass java/io/ObjectInputStream$Logging
instanceKlass com/android/tools/r8/synthesis/m
instanceKlass java/io/ObjectInputStream$FilterValues
instanceKlass com/android/tools/r8/synthesis/k
instanceKlass com/android/tools/r8/synthesis/z0
instanceKlass com/android/tools/r8/graph/yc
instanceKlass com/android/tools/r8/graph/ia
instanceKlass com/android/tools/r8/shaking/e6
instanceKlass com/android/tools/r8/shaking/g6
instanceKlass com/android/tools/r8/internal/a61
instanceKlass com/android/tools/r8/internal/vv
instanceKlass com/android/tools/r8/synthesis/e0
instanceKlass java/io/ObjectInputFilter$FilterInfo
instanceKlass com/android/tools/r8/synthesis/c0
instanceKlass com/android/tools/r8/synthesis/a0
instanceKlass com/android/tools/r8/synthesis/e0$a
instanceKlass com/android/tools/r8/internal/yg4
instanceKlass com/android/tools/r8/graph/x1
instanceKlass java/rmi/dgc/Lease
instanceKlass sun/rmi/transport/DGCClient$EndpointEntry$RefEntry
instanceKlass sun/rmi/transport/GC$Daemon$1
instanceKlass sun/rmi/transport/GC$Daemon
instanceKlass sun/rmi/transport/GC$LatencyRequest
instanceKlass sun/rmi/transport/GC$1
instanceKlass sun/rmi/transport/GC$LatencyLock
instanceKlass sun/rmi/transport/GC
instanceKlass sun/rmi/transport/DGCClient$EndpointEntry$RenewCleanThread
instanceKlass sun/rmi/transport/DGCImpl
instanceKlass java/rmi/dgc/DGC
instanceKlass sun/rmi/transport/DGCClient$EndpointEntry
instanceKlass java/net/SocketPermissionCollection$1
instanceKlass java/rmi/dgc/VMID
instanceKlass sun/rmi/transport/DGCClient
instanceKlass sun/rmi/runtime/NewThreadAction$2
instanceKlass sun/rmi/runtime/NewThreadAction$1
instanceKlass sun/rmi/runtime/NewThreadAction
instanceKlass sun/rmi/transport/tcp/TCPChannel$1
instanceKlass sun/rmi/server/WeakClassHashMap
instanceKlass org/jetbrains/kotlin/cli/common/repl/ReplCodeLine$Companion
instanceKlass org/jetbrains/kotlin/daemon/common/CompilationOptions$Companion
instanceKlass org/jetbrains/kotlin/daemon/common/CompileService$Companion
instanceKlass com/android/tools/r8/internal/yv0
instanceKlass org/jetbrains/kotlin/cli/common/repl/ReplCodeLine
instanceKlass com/android/tools/r8/graph/l3
instanceKlass org/jetbrains/kotlin/daemon/common/CompilationResults
instanceKlass org/jetbrains/kotlin/daemon/common/CompilerServicesFacadeBase
instanceKlass org/jetbrains/kotlin/daemon/common/CompilationOptions
instanceKlass org/jetbrains/kotlin/daemon/common/CompileService$CallResult
instanceKlass org/jetbrains/kotlin/daemon/common/CompileService
instanceKlass sun/rmi/server/LoaderHandler
instanceKlass java/rmi/server/RMIClassLoader$1
instanceKlass java/rmi/server/RMIClassLoaderSpi
instanceKlass java/rmi/server/RMIClassLoader
instanceKlass java/io/ObjectInputStream$Caches
instanceKlass com/android/tools/r8/internal/fy2
instanceKlass com/android/tools/r8/internal/oz2
instanceKlass com/android/tools/r8/internal/pz2
instanceKlass com/android/tools/r8/graph/c6
instanceKlass com/android/tools/r8/internal/hy2
instanceKlass com/android/tools/r8/internal/az2
instanceKlass com/android/tools/r8/internal/qy2
instanceKlass com/android/tools/r8/internal/vy2
instanceKlass com/android/tools/r8/internal/gz2
instanceKlass com/android/tools/r8/internal/jy2
instanceKlass com/android/tools/r8/dex/o
instanceKlass com/google/common/util/concurrent/NullnessCasts
instanceKlass sun/rmi/server/MarshalOutputStream$1
instanceKlass com/android/tools/r8/internal/bc0
instanceKlass sun/rmi/transport/StreamRemoteCall
instanceKlass java/rmi/server/RemoteCall
instanceKlass com/android/tools/r8/graph/ma
instanceKlass com/android/tools/r8/graph/na
instanceKlass com/android/tools/r8/graph/ma$a
instanceKlass com/android/tools/r8/graph/l7
instanceKlass com/android/tools/r8/graph/m7
instanceKlass com/android/tools/r8/graph/l7$a
instanceKlass sun/rmi/transport/tcp/TCPConnection
instanceKlass sun/rmi/transport/Connection
instanceKlass com/android/tools/r8/internal/hj4
instanceKlass com/android/tools/r8/internal/v31
instanceKlass com/android/tools/r8/graph/i3$a
instanceKlass com/android/tools/r8/kotlin/z0
instanceKlass com/android/tools/r8/kotlin/o
instanceKlass com/android/tools/r8/internal/lt0
instanceKlass com/android/tools/r8/internal/wq1
instanceKlass com/android/tools/r8/internal/s34
instanceKlass com/android/tools/r8/internal/k1
instanceKlass com/android/tools/r8/internal/bk
instanceKlass com/android/tools/r8/internal/le
instanceKlass com/android/tools/r8/internal/vu0
instanceKlass com/android/tools/r8/internal/jv1
instanceKlass com/android/tools/r8/internal/ye1
instanceKlass com/android/tools/r8/internal/pt
instanceKlass com/android/tools/r8/androidapi/g
instanceKlass com/android/tools/r8/shaking/x7
instanceKlass com/android/tools/r8/androidapi/e
instanceKlass com/android/tools/r8/internal/l53
instanceKlass com/android/tools/r8/kotlin/a1
instanceKlass com/android/tools/r8/internal/l53$a
instanceKlass com/android/tools/r8/internal/ms0
instanceKlass com/android/tools/r8/dex/n0
instanceKlass com/android/tools/r8/graph/f3$a
instanceKlass com/android/tools/r8/internal/aw0
instanceKlass com/android/tools/r8/graph/p0
instanceKlass com/android/tools/r8/graph/a7
instanceKlass com/android/tools/r8/graph/c7
instanceKlass com/android/tools/r8/internal/ad0
instanceKlass com/android/tools/r8/internal/tp2
instanceKlass com/android/tools/r8/internal/wi3
instanceKlass com/android/tools/r8/internal/xi3
instanceKlass com/android/tools/r8/internal/hk2
instanceKlass com/android/tools/r8/kotlin/c1
instanceKlass com/android/tools/r8/internal/te4
instanceKlass com/android/tools/r8/kotlin/f0
instanceKlass com/android/tools/r8/kotlin/p0
instanceKlass com/android/tools/r8/graph/b8$h
instanceKlass com/android/tools/r8/shaking/i1
instanceKlass com/android/tools/r8/internal/fj3
instanceKlass com/android/tools/r8/internal/tm
instanceKlass com/android/tools/r8/graph/b8$g
instanceKlass com/android/tools/r8/internal/uy0
instanceKlass com/android/tools/r8/internal/vh2
instanceKlass com/android/tools/r8/internal/b9
instanceKlass com/android/tools/r8/internal/bw0
instanceKlass com/android/tools/r8/graph/c9
instanceKlass com/android/tools/r8/internal/le1
instanceKlass com/android/tools/r8/internal/xl4
instanceKlass com/android/tools/r8/graph/b8$f
instanceKlass com/android/tools/r8/graph/d8
instanceKlass com/android/tools/r8/androidapi/f
instanceKlass com/android/tools/r8/graph/e8
instanceKlass com/android/tools/r8/internal/rn3
instanceKlass com/android/tools/r8/internal/bk4
instanceKlass com/android/tools/r8/internal/od4
instanceKlass com/android/tools/r8/internal/qd4
instanceKlass com/android/tools/r8/internal/zp3
instanceKlass com/android/tools/r8/internal/n70
instanceKlass com/android/tools/r8/internal/nd4
instanceKlass com/android/tools/r8/internal/b40
instanceKlass com/android/tools/r8/graph/x8
instanceKlass com/android/tools/r8/graph/b8$i
instanceKlass com/android/tools/r8/graph/b8
instanceKlass com/android/tools/r8/graph/l9
instanceKlass com/android/tools/r8/internal/wz0
instanceKlass com/android/tools/r8/internal/vl2
instanceKlass com/android/tools/r8/internal/n33
instanceKlass com/android/tools/r8/internal/n6
instanceKlass com/android/tools/r8/internal/si3
instanceKlass com/android/tools/r8/internal/b72
instanceKlass com/android/tools/r8/internal/cb
instanceKlass com/android/tools/r8/internal/rv
instanceKlass com/android/tools/r8/internal/g53
instanceKlass com/android/tools/r8/position/Position
instanceKlass com/google/common/util/concurrent/InterruptibleTask$DoNothingRunnable
instanceKlass com/android/tools/r8/internal/mg4
instanceKlass com/android/tools/r8/internal/w83
instanceKlass com/android/tools/r8/g1
instanceKlass com/android/tools/r8/internal/lq1
instanceKlass com/android/tools/r8/graph/m9
instanceKlass com/android/tools/r8/synthesis/l0
instanceKlass com/android/tools/r8/graph/d6$a
instanceKlass com/android/tools/r8/graph/b8$b
instanceKlass com/android/tools/r8/graph/b8$d
instanceKlass com/android/tools/r8/graph/f7
instanceKlass com/android/tools/r8/graph/pb
instanceKlass com/android/tools/r8/graph/t0
instanceKlass com/android/tools/r8/graph/u0
instanceKlass com/android/tools/r8/internal/fq1
instanceKlass com/android/tools/r8/graph/c0
instanceKlass com/android/tools/r8/graph/f9
instanceKlass com/android/tools/r8/graph/w1
instanceKlass com/android/tools/r8/internal/qv
instanceKlass com/android/tools/r8/dex/a
instanceKlass com/android/tools/r8/internal/fg4
instanceKlass com/android/tools/r8/threading/ThreadingModule
instanceKlass com/android/tools/r8/threading/providers/blocking/ThreadingModuleBlockingProvider
instanceKlass com/android/tools/r8/threading/ThreadingModuleProvider
instanceKlass com/android/tools/r8/threading/a
instanceKlass com/android/tools/r8/internal/hf4
instanceKlass com/android/tools/r8/graph/b1
instanceKlass com/android/tools/r8/graph/b3
instanceKlass com/android/tools/r8/dex/c
instanceKlass com/android/tools/r8/internal/lh4
instanceKlass com/android/tools/r8/internal/ch4
instanceKlass com/android/tools/r8/internal/km1
instanceKlass com/android/tools/r8/internal/xc2
instanceKlass com/android/tools/r8/profile/art/ArtProfileProvider
instanceKlass com/android/tools/r8/internal/v9
instanceKlass com/android/tools/r8/internal/k83
instanceKlass org/gradle/internal/configuration/inputs/AccessTrackingProperties$1
instanceKlass org/gradle/internal/classpath/Instrumented$1
instanceKlass org/gradle/internal/configuration/inputs/AccessTrackingSet$Listener
instanceKlass com/android/tools/r8/internal/gs0$a
instanceKlass com/android/tools/r8/internal/gs0
instanceKlass com/android/tools/r8/dex/b
instanceKlass com/android/tools/r8/ClassConflictResolver
instanceKlass com/android/tools/r8/internal/zt
instanceKlass com/android/tools/r8/internal/je1
instanceKlass com/android/tools/r8/inspector/Inspector
instanceKlass com/android/tools/r8/internal/ga
instanceKlass com/android/tools/r8/internal/sf2
instanceKlass com/android/tools/r8/retrace/ProguardMapProducer
instanceKlass com/android/tools/r8/w0
instanceKlass com/android/tools/r8/internal/d74
instanceKlass com/android/tools/r8/internal/br
instanceKlass com/android/tools/r8/internal/ag1
instanceKlass com/android/tools/r8/internal/u24
instanceKlass com/android/tools/r8/internal/eq1$p$b
instanceKlass com/android/tools/r8/internal/eq1$p$a
instanceKlass com/android/tools/r8/graph/z
instanceKlass com/android/tools/r8/shaking/a6
instanceKlass com/android/tools/r8/internal/oj4
instanceKlass com/android/tools/r8/dex/z0
instanceKlass com/android/tools/r8/dex/o0
instanceKlass com/android/tools/r8/internal/g91
instanceKlass com/android/tools/r8/internal/s7
instanceKlass com/android/tools/r8/internal/i91
instanceKlass com/android/tools/r8/internal/u7
instanceKlass com/android/tools/r8/internal/eq1$p
instanceKlass com/android/tools/r8/internal/x30
instanceKlass com/android/tools/r8/internal/hg3
instanceKlass com/android/tools/r8/tracereferences/h
instanceKlass com/android/tools/r8/shaking/f4
instanceKlass com/android/tools/r8/synthesis/j0
instanceKlass com/android/tools/r8/internal/b63
instanceKlass com/android/tools/r8/internal/p84
instanceKlass com/android/tools/r8/internal/y9
instanceKlass com/android/tools/r8/internal/eq1$j
instanceKlass com/android/tools/r8/internal/be0
instanceKlass com/android/tools/r8/internal/h92
instanceKlass com/android/tools/r8/internal/eq1$e
instanceKlass com/android/tools/r8/internal/d6
instanceKlass com/android/tools/r8/internal/mj3
instanceKlass com/android/tools/r8/internal/eq1$n
instanceKlass com/android/tools/r8/internal/hg
instanceKlass com/android/tools/r8/internal/eh
instanceKlass com/android/tools/r8/internal/eq1$k
instanceKlass com/android/tools/r8/internal/yr4
instanceKlass com/android/tools/r8/internal/eq1$g
instanceKlass com/android/tools/r8/internal/t44
instanceKlass com/android/tools/r8/internal/eq1$h
instanceKlass com/android/tools/r8/internal/eq1$d
instanceKlass com/android/tools/r8/internal/eq1$c
instanceKlass com/android/tools/r8/internal/eq1$b
instanceKlass com/android/tools/r8/internal/eq1$o
instanceKlass com/android/tools/r8/internal/p4
instanceKlass java/util/function/BooleanSupplier
instanceKlass com/android/tools/r8/internal/bf4
instanceKlass com/android/tools/r8/internal/eq1$l
instanceKlass com/android/tools/r8/internal/hq1
instanceKlass com/android/tools/r8/ResourceShrinkerConfiguration
instanceKlass com/android/tools/r8/internal/nq
instanceKlass com/android/tools/r8/internal/wt1
instanceKlass com/android/tools/r8/graph/w9
instanceKlass com/android/tools/r8/graph/e1
instanceKlass com/android/tools/r8/graph/x9
instanceKlass com/android/tools/r8/graph/g1
instanceKlass com/android/tools/r8/graph/d9
instanceKlass com/android/tools/r8/graph/h
instanceKlass com/android/tools/r8/graph/hc
instanceKlass com/android/tools/r8/internal/eq1
instanceKlass com/android/tools/r8/shaking/z2
instanceKlass com/android/tools/r8/internal/w20
instanceKlass com/android/tools/r8/internal/b4
instanceKlass com/android/tools/r8/internal/tz
instanceKlass com/android/tools/r8/internal/w
instanceKlass com/android/tools/r8/internal/mc1
instanceKlass com/android/tools/r8/graph/u1
instanceKlass com/android/tools/r8/dex/j
instanceKlass com/android/tools/r8/graph/v1
instanceKlass com/android/tools/r8/graph/c3
instanceKlass com/android/tools/r8/D8
instanceKlass com/android/tools/r8/utils/h
instanceKlass com/android/tools/r8/synthesis/j
instanceKlass com/android/tools/r8/InputDependencyGraphConsumer
instanceKlass com/android/tools/r8/shaking/i8
instanceKlass com/android/tools/r8/internal/cf2
instanceKlass com/android/tools/r8/internal/df2
instanceKlass com/android/tools/r8/internal/ff2
instanceKlass com/android/tools/r8/internal/ye2
instanceKlass com/android/tools/r8/kotlin/f
instanceKlass com/android/tools/r8/kotlin/e
instanceKlass com/android/tools/r8/kotlin/d
instanceKlass com/android/tools/r8/kotlin/c
instanceKlass com/android/tools/r8/kotlin/b
instanceKlass com/android/tools/r8/internal/u61
instanceKlass com/android/tools/r8/internal/qz2
instanceKlass com/android/tools/r8/internal/e71
instanceKlass com/android/tools/r8/synthesis/q0
instanceKlass com/android/tools/r8/internal/z61
instanceKlass com/android/tools/r8/references/TypeReference
instanceKlass com/android/tools/r8/synthesis/r0$b
instanceKlass com/android/tools/r8/synthesis/r0
instanceKlass com/android/tools/r8/graph/o5
instanceKlass com/android/tools/r8/graph/n4
instanceKlass com/android/tools/r8/graph/t3$f
instanceKlass com/android/tools/r8/graph/h5
instanceKlass com/android/tools/r8/graph/f4
instanceKlass com/android/tools/r8/graph/c5
instanceKlass com/android/tools/r8/graph/b5
instanceKlass com/android/tools/r8/graph/y4
instanceKlass com/android/tools/r8/graph/v4
instanceKlass com/android/tools/r8/graph/t3$e
instanceKlass com/android/tools/r8/graph/j5
instanceKlass com/android/tools/r8/graph/t3$b
instanceKlass com/android/tools/r8/graph/k5
instanceKlass com/android/tools/r8/graph/l4
instanceKlass com/android/tools/r8/graph/g5
instanceKlass com/android/tools/r8/graph/s4
instanceKlass com/android/tools/r8/graph/q4
instanceKlass com/android/tools/r8/graph/p4
instanceKlass com/android/tools/r8/graph/r4
instanceKlass com/android/tools/r8/graph/g
instanceKlass com/android/tools/r8/graph/f5
instanceKlass com/android/tools/r8/graph/g4
instanceKlass com/android/tools/r8/graph/e4
instanceKlass com/android/tools/r8/graph/y3
instanceKlass com/android/tools/r8/graph/t3$h
instanceKlass com/android/tools/r8/graph/l5
instanceKlass com/android/tools/r8/graph/b4
instanceKlass com/android/tools/r8/graph/t3$d
instanceKlass com/android/tools/r8/graph/i5
instanceKlass com/android/tools/r8/graph/n5
instanceKlass com/android/tools/r8/internal/s91
instanceKlass com/android/tools/r8/graph/ca
instanceKlass com/android/tools/r8/graph/ha
instanceKlass com/android/tools/r8/graph/f2
instanceKlass com/android/tools/r8/internal/tm1
instanceKlass com/android/tools/r8/internal/um1
instanceKlass com/android/tools/r8/internal/a13
instanceKlass com/android/tools/r8/internal/cb1
instanceKlass com/android/tools/r8/internal/ac0
instanceKlass com/android/tools/r8/internal/c71
instanceKlass com/android/tools/r8/internal/kn1
instanceKlass com/android/tools/r8/internal/em1
instanceKlass com/android/tools/r8/internal/cz2
instanceKlass com/android/tools/r8/internal/ry2
instanceKlass com/android/tools/r8/internal/am3
instanceKlass com/android/tools/r8/internal/u04
instanceKlass com/android/tools/r8/internal/h34
instanceKlass com/android/tools/r8/internal/dc1
instanceKlass com/android/tools/r8/internal/j71
instanceKlass com/android/tools/r8/internal/a63
instanceKlass com/android/tools/r8/internal/fb1
instanceKlass com/android/tools/r8/internal/gx
instanceKlass com/android/tools/r8/internal/e2
instanceKlass com/android/tools/r8/internal/py2
instanceKlass com/android/tools/r8/graph/jc
instanceKlass com/android/tools/r8/graph/ec
instanceKlass com/android/tools/r8/graph/kc
instanceKlass com/android/tools/r8/graph/fc
instanceKlass com/android/tools/r8/graph/a1
instanceKlass com/android/tools/r8/graph/r0
instanceKlass com/android/tools/r8/graph/n1
instanceKlass com/android/tools/r8/internal/u3
instanceKlass com/android/tools/r8/internal/my
instanceKlass com/android/tools/r8/internal/k71
instanceKlass com/android/tools/r8/internal/g71
instanceKlass com/android/tools/r8/internal/sd4
instanceKlass com/android/tools/r8/internal/mk1
instanceKlass com/android/tools/r8/internal/u0
instanceKlass com/android/tools/r8/internal/bk1
instanceKlass com/android/tools/r8/graph/d5
instanceKlass com/android/tools/r8/internal/xd
instanceKlass com/android/tools/r8/graph/t3
instanceKlass com/android/tools/r8/DexFilePerClassFileConsumer
instanceKlass com/android/tools/r8/ClassFileConsumer
instanceKlass com/android/tools/r8/internal/w5
instanceKlass com/android/tools/r8/internal/pa1
instanceKlass com/android/tools/r8/internal/wo4
instanceKlass com/android/tools/r8/internal/y03
instanceKlass com/android/tools/r8/internal/y5
instanceKlass com/android/tools/r8/internal/lw0
instanceKlass com/android/tools/r8/internal/lw0$a
instanceKlass com/android/tools/r8/internal/qh
instanceKlass com/android/tools/r8/internal/qp1
instanceKlass com/android/tools/r8/DataResourceProvider
instanceKlass com/android/tools/r8/AssertionsConfiguration
instanceKlass com/android/tools/r8/AssertionsConfiguration$Builder
instanceKlass com/android/tools/r8/internal/br0
instanceKlass com/android/tools/r8/internal/i23
instanceKlass com/android/tools/r8/DexIndexedConsumer$ForwardingConsumer
instanceKlass com/android/tools/r8/DexIndexedConsumer
instanceKlass com/android/tools/r8/ByteBufferProvider
instanceKlass com/android/tools/r8/internal/cd4
instanceKlass com/android/tools/r8/internal/c01
instanceKlass com/android/builder/dexing/DexIndexed
instanceKlass com/android/tools/r8/ProgramResource$ByteResource
instanceKlass com/android/tools/r8/ProgramResource
instanceKlass com/google/common/io/ByteArrayDataOutput
instanceKlass com/google/common/io/ByteArrayDataInput
instanceKlass com/google/common/io/ByteStreams
instanceKlass com/android/builder/dexing/NoCacheJarClassFileEntry
instanceKlass com/android/tools/r8/utils/i$a
instanceKlass com/android/tools/r8/DataResource
instanceKlass com/android/tools/r8/internal/cw
instanceKlass com/android/tools/r8/internal/v2
instanceKlass com/android/tools/r8/internal/j31
instanceKlass com/android/tools/r8/graph/ob
instanceKlass com/android/tools/r8/internal/pd4
instanceKlass com/android/tools/r8/internal/z03
instanceKlass com/android/tools/r8/internal/zv0
instanceKlass com/android/tools/r8/graph/m3
instanceKlass com/android/tools/r8/internal/pb2
instanceKlass com/android/tools/r8/DataResourceProvider$Visitor
instanceKlass com/android/tools/r8/utils/i
instanceKlass com/android/tools/r8/internal/yp3
instanceKlass com/android/tools/r8/w1
instanceKlass com/android/tools/r8/Resource
instanceKlass com/android/tools/r8/ProgramResourceProvider
instanceKlass com/android/tools/r8/shaking/l8
instanceKlass com/android/tools/r8/PartitionMapConsumer
instanceKlass com/android/tools/r8/MapConsumer
instanceKlass com/android/tools/r8/StringConsumer
instanceKlass com/android/tools/r8/s0
instanceKlass com/android/tools/r8/DataResourceConsumer
instanceKlass com/android/tools/r8/ProgramConsumer
instanceKlass com/android/tools/r8/internal/xd0
instanceKlass com/android/tools/r8/Diagnostic
instanceKlass com/android/tools/r8/BaseCommand$Builder
instanceKlass com/android/tools/r8/naming/m0
instanceKlass com/android/tools/r8/h0
instanceKlass com/android/tools/r8/internal/fs0
instanceKlass com/android/tools/r8/BaseCommand
instanceKlass com/android/tools/r8/origin/Origin
instanceKlass com/android/builder/dexing/D8DiagnosticsHandler
instanceKlass com/android/build/gradle/internal/dependency/BaseDexingTransform$process$1$1$1
instanceKlass com/android/builder/dexing/ClassFileEntry
instanceKlass com/android/builder/dexing/JarClassFileInput
instanceKlass sun/nio/fs/WindowsFileSystem$2
instanceKlass sun/nio/fs/Globs
instanceKlass com/android/builder/dexing/ClassFileInput
instanceKlass com/android/builder/dexing/ClassFileInputs
instanceKlass com/android/tools/r8/DesugarGraphConsumer
instanceKlass com/android/tools/r8/GlobalSyntheticsConsumer
instanceKlass com/android/builder/dexing/DexOutputMode
instanceKlass com/android/tools/r8/DiagnosticsHandler
instanceKlass com/android/builder/dexing/DexParameters
instanceKlass com/android/build/gradle/internal/utils/DesugarConfigJson$Companion
instanceKlass com/android/build/gradle/internal/utils/DesugarConfigJson
instanceKlass com/google/common/base/Suppliers$MemoizingSupplier
instanceKlass com/google/common/base/Suppliers$NonSerializableMemoizingSupplier
instanceKlass com/android/builder/dexing/r8/ClassFileProviderFactory$OrderedClassFileResourceProvider
instanceKlass com/android/tools/r8/ClassFileResourceProvider
instanceKlass com/android/builder/dexing/r8/ClassFileProviderFactory
instanceKlass com/android/builder/dexing/DexArchiveBuilder$Companion
instanceKlass com/android/builder/dexing/DexArchiveBuilder
instanceKlass com/google/common/io/Closer$Suppressor
instanceKlass com/google/common/io/Closer
instanceKlass com/android/build/gradle/internal/dependency/DexingTransformKt
instanceKlass com/android/builder/dexing/DexUtilsKt
instanceKlass org/gradle/api/internal/artifacts/transform/TransformExecutionResult$OutputTypeInferringBuilder
instanceKlass org/gradle/api/internal/artifacts/transform/DefaultTransformOutputs
instanceKlass org/gradle/api/internal/artifacts/transform/TransformOutputsInternal
instanceKlass org/gradle/api/internal/artifacts/transform/DefaultTransform$TransformServiceLookup$InjectionPoint
instanceKlass org/gradle/api/internal/artifacts/transform/DefaultTransform$TransformServiceLookup
instanceKlass org/gradle/operations/dependencies/transforms/ExecuteTransformActionBuildOperationType$2
instanceKlass org/gradle/operations/dependencies/transforms/ExecuteTransformActionBuildOperationType$1
instanceKlass org/gradle/operations/dependencies/transforms/ExecuteTransformActionBuildOperationType$Result
instanceKlass org/gradle/operations/dependencies/transforms/ExecuteTransformActionBuildOperationType$Details
instanceKlass org/gradle/operations/dependencies/transforms/ExecuteTransformActionBuildOperationType
instanceKlass org/gradle/api/internal/artifacts/transform/AbstractTransformExecution$2
instanceKlass org/gradle/internal/execution/steps/ExecuteStep$Immutable$1
instanceKlass org/gradle/operations/execution/FilePropertyVisitor
instanceKlass org/gradle/operations/dependencies/transforms/SnapshotTransformInputsBuildOperationType$Result
instanceKlass org/gradle/internal/execution/steps/CaptureImmutableStateBeforeExecutionStep$1
instanceKlass kotlin/io/LinesSequence$iterator$1
instanceKlass kotlin/io/LinesSequence
instanceKlass kotlin/concurrent/ThreadsKt
instanceKlass org/jetbrains/kotlin/daemon/client/CompositeErrorReportingOutputListener
instanceKlass org/jetbrains/kotlin/daemon/client/DaemonProblemReportingOutputListenerKt
instanceKlass org/jetbrains/kotlin/daemon/client/DaemonGcAutoConfigurationProblemsListener
instanceKlass com/android/build/gradle/internal/dependency/BaseDexingTransform$Parameters$Inject_
instanceKlass org/jetbrains/kotlin/daemon/client/DaemonLastOutputLinesListener$Companion
instanceKlass org/jetbrains/kotlin/daemon/client/DaemonLastOutputLinesListener
instanceKlass org/jetbrains/kotlin/daemon/client/DaemonInitMessageListener
instanceKlass org/jetbrains/kotlin/daemon/client/DaemonProblemReportingOutputListener
instanceKlass java/lang/ProcessImpl$2
instanceKlass java/lang/ProcessHandleImpl
instanceKlass org/jetbrains/kotlin/daemon/client/KotlinCompilerClient$DaemonSearchResult$Found
instanceKlass org/jetbrains/kotlin/daemon/client/KotlinCompilerClient$DaemonSearchResult$NotFound
instanceKlass org/jetbrains/kotlin/daemon/client/KotlinCompilerClient$DaemonSearchResult
instanceKlass org/jetbrains/kotlin/daemon/client/KotlinCompilerClient$tryFindSuitableDaemonOrNewOpts$$inlined$thenBy$1
instanceKlass org/jetbrains/kotlin/daemon/common/FileAgeComparator
instanceKlass org/jetbrains/kotlin/daemon/client/KotlinCompilerClient$tryFindSuitableDaemonOrNewOpts$$inlined$compareBy$1
instanceKlass org/jetbrains/kotlin/daemon/common/DaemonJVMOptionsMemoryComparator
instanceKlass sun/net/util/SocketExceptions
instanceKlass sun/net/spi/DefaultProxySelector$3
instanceKlass sun/net/spi/DefaultProxySelector$NonProxyInfo
instanceKlass sun/net/spi/DefaultProxySelector$1
instanceKlass java/net/ProxySelector
instanceKlass java/net/SocksSocketImpl$3
instanceKlass java/net/SocksConsts
instanceKlass sun/net/PlatformSocketImpl
instanceKlass sun/rmi/runtime/RuntimeUtil$1
instanceKlass sun/rmi/runtime/RuntimeUtil
instanceKlass sun/rmi/runtime/RuntimeUtil$GetInstanceAction
instanceKlass sun/rmi/transport/tcp/TCPChannel
instanceKlass sun/rmi/transport/Channel
instanceKlass java/rmi/server/Operation
instanceKlass java/rmi/server/RemoteObject
instanceKlass java/rmi/registry/Registry
instanceKlass java/rmi/Remote
instanceKlass sun/rmi/server/Util
instanceKlass sun/rmi/server/UnicastRef
instanceKlass java/rmi/server/RemoteRef
instanceKlass java/rmi/server/RMISocketFactory
instanceKlass sun/rmi/transport/tcp/TCPTransport$1
instanceKlass java/util/logging/StreamHandler$1
instanceKlass java/util/logging/Handler$1
instanceKlass jdk/internal/logger/SimpleConsoleLogger$Formatting
instanceKlass sun/util/logging/PlatformLogger
instanceKlass java/util/logging/Formatter
instanceKlass sun/rmi/runtime/Log$LoggerLog$1
instanceKlass sun/rmi/runtime/Log$LoggerLogFactory
instanceKlass sun/rmi/runtime/Log$LogFactory
instanceKlass sun/rmi/runtime/Log
instanceKlass sun/rmi/transport/Transport
instanceKlass sun/rmi/transport/tcp/TCPEndpoint
instanceKlass sun/rmi/transport/Endpoint
instanceKlass java/rmi/server/UID
instanceKlass java/rmi/server/ObjID
instanceKlass sun/rmi/transport/LiveRef
instanceKlass java/rmi/registry/LocateRegistry
instanceKlass org/jetbrains/kotlin/daemon/client/DaemonReportMessage
instanceKlass org/jetbrains/kotlin/daemon/client/KotlinCompilerClientKt
instanceKlass kotlin/text/MatchGroup
instanceKlass kotlin/io/FileTreeWalk$WalkState
instanceKlass kotlin/io/FileTreeWalk$FileTreeWalkIterator$WhenMappings
instanceKlass kotlin/collections/AbstractIterator
instanceKlass org/jetbrains/kotlin/daemon/common/DaemonWithMetadata
instanceKlass kotlin/io/FileTreeWalk
instanceKlass org/jetbrains/kotlin/daemon/common/ClientUtilsKt
instanceKlass org/jetbrains/kotlin/daemon/common/LoopbackNetworkInterface$AbstractClientLoopbackSocketFactory
instanceKlass java/rmi/server/RMIClientSocketFactory
instanceKlass org/jetbrains/kotlin/daemon/common/LoopbackNetworkInterface$ServerLoopbackSocketFactory
instanceKlass java/rmi/server/RMIServerSocketFactory
instanceKlass org/jetbrains/kotlin/daemon/common/LoopbackNetworkInterface
instanceKlass org/jetbrains/kotlin/daemon/common/NetworkUtilsKt
instanceKlass org/jetbrains/kotlin/daemon/common/InitialClientInformation
instanceKlass org/jetbrains/kotlin/daemon/client/KotlinCompilerClient$GcAutoConfiguration
instanceKlass org/jetbrains/kotlin/daemon/client/KotlinCompilerClient
instanceKlass org/jetbrains/kotlin/daemon/common/DummyProfiler
instanceKlass org/jetbrains/kotlin/daemon/common/Profiler
instanceKlass org/jetbrains/kotlin/daemon/client/DaemonReportingTargets
instanceKlass org/jetbrains/kotlin/daemon/common/FileSystemUtilsKt
instanceKlass org/jetbrains/kotlin/daemon/common/FileSystem$WhenMappings
instanceKlass org/jetbrains/kotlin/daemon/common/OSKind$Companion
instanceKlass org/jetbrains/kotlin/daemon/common/FileSystem
instanceKlass org/jetbrains/kotlin/daemon/common/DaemonOptions
instanceKlass org/jetbrains/kotlin/compilerRunner/KotlinCompilerRunnerUtils
instanceKlass org/jetbrains/kotlin/daemon/common/PropMapper
instanceKlass org/jetbrains/kotlin/daemon/common/DaemonJVMOptions
instanceKlass org/jetbrains/kotlin/daemon/common/DaemonParamsKt
instanceKlass org/jetbrains/kotlin/daemon/common/CompilerId$Companion
instanceKlass org/jetbrains/kotlin/daemon/common/CompilerId
instanceKlass org/jetbrains/kotlin/daemon/common/OptionsGroup
instanceKlass org/jetbrains/kotlin/gradle/logging/GradleLoggingUtilsKt$WhenMappings
instanceKlass org/jetbrains/kotlin/gradle/plugin/internal/state/TaskLoggersKt
instanceKlass org/jetbrains/kotlin/build/report/metrics/DoNothingBuildMetricsReporter
instanceKlass org/jetbrains/kotlin/compilerRunner/GradleKotlinCompilerWork
instanceKlass com/android/build/gradle/internal/dependency/AarTransform$Parameters$Inject_
instanceKlass org/gradle/workers/internal/ProvidesWorkResult
instanceKlass org/gradle/workers/internal/SimpleActionExecutionSpec
instanceKlass org/jetbrains/kotlin/compilerRunner/GradleCompilerRunnerWithWorkers$GradleKotlinCompilerWorkParameters$Inject_
instanceKlass com/google/common/collect/ImmutableSet$SerializedForm
instanceKlass org/gradle/workers/internal/NoIsolationWorkerFactory$1$1
instanceKlass org/gradle/workers/internal/AbstractWorker$Details
instanceKlass org/gradle/workers/internal/AbstractWorker$1
instanceKlass org/gradle/workers/internal/AbstractWorker$Work
instanceKlass org/gradle/workers/internal/AbstractWorker$Result
instanceKlass org/gradle/workers/internal/ExecuteWorkItemBuildOperationType$Result
instanceKlass org/gradle/workers/internal/AbstractWorker
instanceKlass org/gradle/internal/work/DefaultConditionalExecutionQueue$ExecutionRunner$1
instanceKlass org/gradle/internal/work/DefaultAsyncWorkTracker$1
instanceKlass org/gradle/internal/work/DefaultConditionalExecutionQueue$ExecutionRunner
instanceKlass org/gradle/internal/work/AbstractConditionalExecution
instanceKlass org/jetbrains/kotlin/gradle/report/BuildScanSettings
instanceKlass org/jetbrains/kotlin/build/report/HttpReportSettings
instanceKlass org/jetbrains/kotlin/build/report/FileReportSettings
instanceKlass com/google/common/collect/ImmutableSet$SerializedForm
instanceKlass org/jetbrains/kotlin/incremental/IncrementalModuleInfo
instanceKlass org/gradle/workers/internal/AbstractWorkerRequirement
instanceKlass org/gradle/workers/ProcessWorkerSpec
instanceKlass org/gradle/workers/ClassLoaderWorkerSpec
instanceKlass org/gradle/workers/ForkingWorkerSpec
instanceKlass org/jetbrains/kotlin/compilerRunner/GradleCompilerRunnerWithWorkers$GradleKotlinCompilerWorkParameters_Decorated
instanceKlass org/jetbrains/kotlin/compilerRunner/GradleCompilerRunnerWithWorkers$GradleKotlinCompilerWorkParameters
instanceKlass org/jetbrains/kotlin/compilerRunner/GradleCompilerRunnerWithWorkers$runCompilerAsync$1
instanceKlass org/jetbrains/kotlin/compilerRunner/GradleCompilerRunnerWithWorkers$GradleKotlinCompilerWorkAction
instanceKlass org/gradle/workers/internal/DefaultWorkerExecutor$DefaultWorkQueue
instanceKlass org/gradle/workers/internal/DefaultWorkerSpec
instanceKlass org/jetbrains/kotlin/gradle/plugin/internal/state/TaskLoggers
instanceKlass org/jetbrains/kotlin/compilerRunner/GradleKotlinCompilerWorkArguments$Companion
instanceKlass org/jetbrains/kotlin/compilerRunner/GradleKotlinCompilerWorkArguments
instanceKlass java/nio/file/TempFileHelper
instanceKlass org/jetbrains/kotlin/compilerRunner/ProjectFilesForCompilation$Companion
instanceKlass org/jetbrains/kotlin/compilerRunner/ProjectFilesForCompilation
instanceKlass org/jetbrains/kotlin/statistics/metrics/ConcatMetricContainer$Companion
instanceKlass org/jetbrains/kotlin/statistics/metrics/ConcatMetricContainer
instanceKlass org/jetbrains/kotlin/gradle/internal/config/JvmDefaultMode$Companion
instanceKlass kotlin/collections/builders/MapBuilder$EntryRef
instanceKlass kotlin/jvm/internal/markers/KMutableMap$Entry
instanceKlass kotlin/collections/builders/MapBuilder$Itr
instanceKlass org/jetbrains/kotlin/cli/common/arguments/ArgumentField
instanceKlass org/jetbrains/kotlin/gradle/internal/name/ClassId$Companion
instanceKlass org/jetbrains/kotlin/gradle/internal/name/ClassId
instanceKlass org/jetbrains/kotlin/gradle/internal/name/Name
instanceKlass org/jetbrains/kotlin/gradle/internal/name/FqNameUnsafe$Companion
instanceKlass org/jetbrains/kotlin/gradle/internal/name/FqNameUnsafe
instanceKlass org/jetbrains/kotlin/gradle/internal/name/FqName$Companion
instanceKlass org/jetbrains/kotlin/gradle/internal/name/FqName
instanceKlass org/jetbrains/kotlin/gradle/internal/load/java/JvmAbi
instanceKlass org/jetbrains/kotlin/cli/common/arguments/PreprocessCommandLineArgumentsKt
instanceKlass org/jetbrains/kotlin/gradle/plugin/statistics/CompilerArgumentMetrics
instanceKlass org/jetbrains/kotlin/cli/common/arguments/ParseCommandLineArgumentsKt
instanceKlass kotlin/reflect/jvm/KTypesJvm
instanceKlass kotlin/reflect/jvm/internal/impl/types/typeUtil/TypeUtilsKt
instanceKlass kotlin/reflect/jvm/internal/DescriptorKProperty$$Lambda$2
instanceKlass kotlin/reflect/jvm/internal/ReflectKPropertyKt
instanceKlass kotlin/reflect/jvm/internal/impl/types/IntersectionTypeConstructor
instanceKlass kotlin/reflect/jvm/internal/impl/types/model/IntersectionTypeConstructorMarker
instanceKlass kotlin/reflect/jvm/internal/impl/types/checker/NewTypeVariableConstructor
instanceKlass kotlin/reflect/jvm/internal/impl/types/SpecialTypesKt
instanceKlass kotlin/reflect/KTypeProjection$Companion
instanceKlass kotlin/reflect/KTypeProjection
instanceKlass kotlin/reflect/jvm/internal/types/DescriptorKType$$Lambda$1
instanceKlass kotlin/reflect/jvm/internal/types/DescriptorKType$$Lambda$0
instanceKlass kotlin/reflect/jvm/internal/DescriptorKParameter$$Lambda$1
instanceKlass kotlin/reflect/jvm/internal/impl/types/CustomTypeParameter
instanceKlass kotlin/reflect/jvm/internal/DescriptorKParameter$$Lambda$0
instanceKlass kotlin/reflect/jvm/internal/ReflectKParameter$$Lambda$0
instanceKlass kotlin/reflect/jvm/internal/DescriptorKCallable$$Lambda$5
instanceKlass kotlin/reflect/jvm/internal/ReflectKParameter
instanceKlass kotlin/reflect/KParameter
instanceKlass kotlin/reflect/jvm/internal/DescriptorKPropertyKt
instanceKlass kotlin/reflect/jvm/internal/DescriptorKProperty$Getter$$Lambda$1
instanceKlass kotlin/reflect/jvm/internal/DescriptorKProperty$Getter$$Lambda$0
instanceKlass kotlin/reflect/KProperty1$Getter
instanceKlass org/jetbrains/kotlin/cli/common/arguments/Argument
instanceKlass kotlin/reflect/jvm/internal/impl/metadata/jvm/deserialization/JvmFlags
instanceKlass kotlin/reflect/jvm/internal/impl/load/java/DescriptorsJvmAbiUtil
instanceKlass kotlin/reflect/jvm/ReflectJvmMapping
instanceKlass kotlin/reflect/jvm/internal/DescriptorKFunction$$Lambda$2
instanceKlass kotlin/reflect/jvm/internal/DescriptorKFunction$$Lambda$1
instanceKlass kotlin/reflect/jvm/internal/DescriptorKFunction$$Lambda$0
instanceKlass kotlin/reflect/jvm/internal/JvmFunctionSignature
instanceKlass kotlin/reflect/jvm/internal/DescriptorKMutableProperty1$$Lambda$0
instanceKlass kotlin/reflect/jvm/internal/DescriptorKProperty1$$Lambda$1
instanceKlass kotlin/reflect/jvm/internal/DescriptorKProperty1$$Lambda$0
instanceKlass kotlin/reflect/jvm/internal/JvmPropertySignature
instanceKlass kotlin/reflect/jvm/internal/impl/types/FlexibleTypesKt
instanceKlass kotlin/reflect/jvm/internal/impl/load/java/JavaDescriptorVisibilities
instanceKlass kotlin/reflect/jvm/internal/impl/load/java/UtilsKt
instanceKlass kotlin/reflect/jvm/internal/impl/types/AbstractTypeChecker
instanceKlass kotlin/reflect/jvm/internal/impl/resolve/OverridingUtil$7
instanceKlass kotlin/reflect/jvm/internal/impl/resolve/OverridingUtil$6
instanceKlass kotlin/reflect/jvm/internal/impl/resolve/VisibilityUtilKt
instanceKlass kotlin/reflect/jvm/internal/impl/resolve/OverridingUtil$3
instanceKlass kotlin/reflect/jvm/internal/impl/load/java/components/DescriptorResolverUtils$1$1
instanceKlass kotlin/reflect/jvm/internal/impl/load/java/components/DescriptorResolverUtils
instanceKlass kotlin/reflect/jvm/internal/impl/load/java/BuiltinSpecialPropertiesKt
instanceKlass kotlin/reflect/jvm/internal/impl/load/java/BuiltinSpecialProperties
instanceKlass kotlin/reflect/jvm/internal/impl/load/java/JvmAbi
instanceKlass kotlin/reflect/jvm/internal/impl/load/java/PropertiesConventionUtilKt
instanceKlass kotlin/reflect/jvm/internal/impl/utils/SmartSet$SingletonIterator
instanceKlass kotlin/reflect/jvm/internal/impl/load/java/SpecialGenericSignatures$Companion$NameAndSignature
instanceKlass kotlin/reflect/jvm/internal/impl/load/java/SpecialGenericSignatures$Companion
instanceKlass kotlin/reflect/jvm/internal/impl/load/java/SpecialGenericSignatures
instanceKlass kotlin/reflect/jvm/internal/impl/descriptors/impl/FunctionDescriptorImpl$CopyConfiguration
instanceKlass kotlin/reflect/jvm/internal/impl/builtins/jvm/JvmBuiltInsCustomizer$$Lambda$4
instanceKlass kotlin/reflect/jvm/internal/impl/builtins/jvm/CloneableClassScope$Companion
instanceKlass kotlin/reflect/jvm/internal/impl/name/CallableId$Companion
instanceKlass kotlin/reflect/jvm/internal/impl/name/CallableId
instanceKlass kotlin/reflect/jvm/internal/impl/serialization/deserialization/SuspendFunctionTypeUtilKt
instanceKlass kotlin/reflect/jvm/internal/impl/descriptors/runtime/structure/ReflectJavaClass$$Lambda$1
instanceKlass kotlin/reflect/jvm/internal/impl/descriptors/runtime/structure/ReflectJavaClass$$Lambda$0
instanceKlass kotlin/reflect/jvm/internal/impl/builtins/jvm/JvmBuiltIns$Settings
instanceKlass kotlin/reflect/jvm/internal/impl/resolve/MemberComparator$NameAndTypeMemberComparator
instanceKlass org/jetbrains/kotlin/cli/common/arguments/ManualLanguageFeatureSetting
instanceKlass kotlin/collections/builders/MapBuilder$Companion
instanceKlass kotlin/collections/builders/MapBuilder
instanceKlass kotlin/reflect/jvm/internal/impl/descriptors/Visibilities
instanceKlass kotlin/reflect/jvm/internal/impl/types/DisjointKeysUnionTypeSubstitution$Companion
instanceKlass kotlin/reflect/jvm/internal/impl/types/DescriptorSubstitutor
instanceKlass kotlin/reflect/jvm/internal/impl/descriptors/impl/PropertyDescriptorImpl$CopyConfiguration
instanceKlass kotlin/reflect/jvm/internal/impl/resolve/OverridingUtil$4
instanceKlass kotlin/reflect/jvm/internal/impl/resolve/OverridingUtil$5
instanceKlass kotlin/reflect/jvm/internal/impl/descriptors/impl/TypeAliasConstructorDescriptor
instanceKlass kotlin/reflect/jvm/internal/impl/load/java/descriptors/JavaCallableMemberDescriptor
instanceKlass kotlin/reflect/jvm/internal/impl/resolve/OverridingUtil$8
instanceKlass kotlin/reflect/jvm/internal/impl/load/java/lazy/descriptors/JavaDescriptorUtilKt
instanceKlass kotlin/reflect/jvm/internal/impl/resolve/OverridingUtil$OverrideCompatibilityInfo
instanceKlass kotlin/reflect/jvm/internal/impl/types/TypeCheckerState
instanceKlass kotlin/reflect/jvm/internal/impl/types/checker/ClassicTypeCheckerStateKt
instanceKlass kotlin/reflect/jvm/internal/impl/resolve/OverridingUtilTypeSystemContext
instanceKlass kotlin/reflect/jvm/internal/impl/resolve/scopes/SubstitutingScope$$Lambda$1
instanceKlass kotlin/reflect/jvm/internal/impl/resolve/calls/inference/CapturedTypeConstructorKt
instanceKlass kotlin/reflect/jvm/internal/impl/resolve/scopes/SubstitutingScope$$Lambda$0
instanceKlass kotlin/reflect/jvm/internal/impl/resolve/scopes/SubstitutingScope
instanceKlass kotlin/reflect/jvm/internal/impl/types/TypeSubstitutor
instanceKlass kotlin/reflect/jvm/internal/impl/types/model/TypeSubstitutorMarker
instanceKlass kotlin/reflect/jvm/internal/impl/types/TypeConstructorSubstitution$Companion
instanceKlass kotlin/reflect/jvm/internal/impl/types/TypeSubstitution$Companion
instanceKlass kotlin/reflect/jvm/internal/impl/types/TypeSubstitution
instanceKlass kotlin/reflect/jvm/internal/impl/types/TypeProjectionBase
instanceKlass kotlin/reflect/jvm/internal/impl/serialization/deserialization/descriptors/DeserializedTypeParameterDescriptor$$Lambda$0
instanceKlass kotlin/reflect/jvm/internal/impl/descriptors/impl/AbstractTypeParameterDescriptor$2
instanceKlass kotlin/reflect/jvm/internal/impl/descriptors/impl/AbstractTypeParameterDescriptor$1
instanceKlass kotlin/reflect/jvm/internal/impl/utils/SmartSet$Companion
instanceKlass kotlin/reflect/jvm/internal/impl/resolve/OverridingStrategy
instanceKlass kotlin/reflect/jvm/internal/impl/serialization/deserialization/MemberDeserializer$$Lambda$3
instanceKlass kotlin/reflect/jvm/internal/impl/descriptors/impl/ValueParameterDescriptorImpl$Companion
instanceKlass kotlin/reflect/jvm/internal/impl/descriptors/SimpleFunctionDescriptor
instanceKlass kotlin/reflect/jvm/internal/impl/descriptors/ValueParameterDescriptor
instanceKlass kotlin/reflect/jvm/internal/impl/resolve/DescriptorFactory
instanceKlass kotlin/reflect/jvm/internal/impl/resolve/scopes/receivers/ImplicitClassReceiver
instanceKlass kotlin/reflect/jvm/internal/impl/resolve/scopes/receivers/ThisClassReceiver
instanceKlass kotlin/reflect/jvm/internal/impl/resolve/scopes/receivers/ImplicitReceiver
instanceKlass kotlin/reflect/jvm/internal/impl/types/KotlinTypeFactory$$Lambda$0
instanceKlass kotlin/reflect/jvm/internal/impl/descriptors/impl/ModuleAwareClassDescriptorKt
instanceKlass kotlin/reflect/jvm/internal/impl/serialization/deserialization/MemberDeserializer$$Lambda$2
instanceKlass kotlin/reflect/jvm/internal/impl/serialization/deserialization/descriptors/DeserializedCallableMemberDescriptor
instanceKlass kotlin/reflect/jvm/internal/impl/serialization/deserialization/descriptors/DeserializedMemberDescriptor
instanceKlass kotlin/reflect/jvm/internal/impl/serialization/deserialization/descriptors/DescriptorWithContainerSource
instanceKlass kotlin/sequences/ConstrainedOnceSequence
instanceKlass kotlin/reflect/jvm/internal/impl/serialization/deserialization/descriptors/DeserializedMemberScope$OptimizedImplementation$computeDescriptors$1$1
instanceKlass kotlin/reflect/jvm/internal/impl/load/java/typeEnhancement/JavaTypeEnhancement$Result
instanceKlass kotlin/reflect/jvm/internal/impl/load/java/typeEnhancement/JavaTypeEnhancement$SimpleResult
instanceKlass kotlin/reflect/jvm/internal/impl/load/java/typeEnhancement/TypeComponentPositionKt
instanceKlass kotlin/reflect/jvm/internal/impl/types/KotlinTypeKt
instanceKlass kotlin/reflect/jvm/internal/impl/load/java/typeEnhancement/AbstractSignatureParts$$Lambda$3
instanceKlass kotlin/reflect/jvm/internal/impl/load/java/typeEnhancement/TypeEnhancementUtilsKt
instanceKlass kotlin/reflect/jvm/internal/impl/load/java/typeEnhancement/JavaTypeQualifiers$Companion
instanceKlass kotlin/reflect/jvm/internal/impl/load/java/AbstractAnnotationTypeQualifierResolver$$Lambda$0
instanceKlass kotlin/reflect/jvm/internal/impl/load/java/typeEnhancement/AbstractSignatureParts$$Lambda$0
instanceKlass kotlin/reflect/jvm/internal/impl/descriptors/TypeParameterDescriptor
instanceKlass kotlin/reflect/jvm/internal/impl/types/model/TypeParameterMarker
instanceKlass kotlin/reflect/jvm/internal/impl/load/java/typeEnhancement/AbstractSignatureParts$$Lambda$2
instanceKlass kotlin/reflect/jvm/internal/impl/load/java/typeEnhancement/JavaTypeQualifiers
instanceKlass kotlin/reflect/jvm/internal/impl/types/RawType
instanceKlass kotlin/reflect/jvm/internal/impl/types/checker/ClassicTypeSystemContext$DefaultImpls
instanceKlass kotlin/reflect/jvm/internal/impl/load/java/typeEnhancement/AbstractSignatureParts$$Lambda$4
instanceKlass kotlin/reflect/jvm/internal/impl/util/TypeRegistry$$Lambda$0
instanceKlass kotlin/reflect/jvm/internal/impl/util/AbstractArrayMapOwner$AbstractArrayMapAccessor
instanceKlass kotlin/reflect/jvm/internal/impl/types/TypeAttribute
instanceKlass kotlin/reflect/jvm/internal/impl/types/AnnotationsTypeAttributeKt
instanceKlass kotlin/sequences/SequencesKt__SequencesKt$sequenceOf$1$1
instanceKlass kotlin/sequences/SequencesKt__SequencesKt$sequenceOf$$inlined$Sequence$1
instanceKlass kotlin/reflect/jvm/internal/impl/load/java/typeEnhancement/AbstractSignatureParts$TypeAndDefaultQualifiers
instanceKlass kotlin/reflect/jvm/internal/impl/types/checker/SimpleClassicTypeSystemContext
instanceKlass kotlin/reflect/jvm/internal/impl/types/checker/ClassicTypeSystemContext
instanceKlass kotlin/reflect/jvm/internal/impl/types/model/TypeSystemInferenceExtensionContext
instanceKlass kotlin/reflect/jvm/internal/impl/types/model/TypeSystemCommonSuperTypesContext
instanceKlass kotlin/reflect/jvm/internal/impl/types/model/TypeSystemTypeFactoryContext
instanceKlass kotlin/reflect/jvm/internal/impl/types/model/TypeCheckerProviderContext
instanceKlass kotlin/reflect/jvm/internal/impl/types/TypeSystemCommonBackendContext
instanceKlass kotlin/reflect/jvm/internal/impl/types/model/TypeSystemContext
instanceKlass kotlin/reflect/jvm/internal/impl/types/model/TypeSystemOptimizationContext
instanceKlass kotlin/reflect/jvm/internal/impl/load/java/typeEnhancement/AbstractSignatureParts
instanceKlass kotlin/reflect/jvm/internal/impl/descriptors/DescriptorUtilKt
instanceKlass kotlin/reflect/jvm/internal/impl/types/TypeAttributeTranslator$DefaultImpls
instanceKlass kotlin/reflect/jvm/internal/impl/types/TypeAttributesKt
instanceKlass kotlin/reflect/jvm/internal/impl/load/java/structure/JavaPrimitiveType
instanceKlass kotlin/reflect/jvm/internal/impl/types/ErasureTypeAttributes
instanceKlass kotlin/reflect/jvm/internal/impl/load/java/lazy/types/JavaTypeAttributesKt
instanceKlass kotlin/reflect/jvm/internal/impl/load/java/FakePureImplementationsProvider
instanceKlass kotlin/reflect/jvm/internal/impl/load/java/components/JavaAnnotationMapper
instanceKlass kotlin/reflect/jvm/internal/impl/descriptors/runtime/structure/ReflectJavaAnnotationOwnerKt
instanceKlass kotlin/reflect/jvm/internal/impl/descriptors/runtime/structure/ReflectJavaType$Factory
instanceKlass kotlin/reflect/jvm/internal/impl/descriptors/runtime/structure/ReflectJavaType
instanceKlass kotlin/reflect/jvm/internal/impl/load/java/structure/JavaClassifierType
instanceKlass kotlin/reflect/jvm/internal/impl/load/java/structure/JavaType
instanceKlass kotlin/reflect/jvm/internal/impl/load/java/structure/ListBasedJavaAnnotationOwner
instanceKlass kotlin/reflect/jvm/internal/impl/load/java/structure/JavaField
instanceKlass kotlin/reflect/jvm/internal/impl/load/java/structure/JavaMethod
instanceKlass kotlin/reflect/jvm/internal/impl/load/java/structure/JavaMember
instanceKlass kotlin/reflect/jvm/internal/impl/descriptors/runtime/structure/ReflectJavaClass$$Lambda$2
instanceKlass kotlin/reflect/jvm/internal/impl/load/java/lazy/descriptors/ClassDeclaredMemberIndex$$Lambda$0
instanceKlass kotlin/reflect/jvm/internal/impl/load/java/lazy/descriptors/LazyJavaClassMemberScope$$Lambda$5
instanceKlass kotlin/reflect/jvm/internal/impl/load/java/lazy/descriptors/ClassDeclaredMemberIndex
instanceKlass kotlin/reflect/jvm/internal/impl/load/java/lazy/descriptors/DeclaredMemberIndex
instanceKlass kotlin/reflect/jvm/internal/impl/util/collectionUtils/ScopeUtilsKt
instanceKlass kotlin/reflect/jvm/internal/impl/serialization/deserialization/DeserializedPackageFragmentImpl$$Lambda$1
instanceKlass kotlin/Triple
instanceKlass kotlin/reflect/jvm/internal/impl/metadata/deserialization/NameResolverImpl$WhenMappings
instanceKlass kotlin/reflect/jvm/internal/impl/protobuf/Utf8
instanceKlass kotlin/reflect/jvm/internal/impl/serialization/deserialization/DeserializedPackageFragmentImpl$$Lambda$0
instanceKlass kotlin/reflect/jvm/internal/impl/serialization/deserialization/ProtoBasedClassDataFinder
instanceKlass kotlin/reflect/jvm/internal/impl/metadata/deserialization/NameResolverImpl
instanceKlass kotlin/reflect/jvm/internal/impl/metadata/ProtoBuf$Annotation$ArgumentOrBuilder
instanceKlass kotlin/reflect/jvm/internal/impl/metadata/ProtoBuf$QualifiedNameTable$QualifiedName$Kind$1
instanceKlass kotlin/reflect/jvm/internal/impl/metadata/ProtoBuf$QualifiedNameTable$QualifiedNameOrBuilder
instanceKlass kotlin/reflect/jvm/internal/impl/metadata/ProtoBuf$QualifiedNameTableOrBuilder
instanceKlass kotlin/reflect/jvm/internal/impl/protobuf/LazyStringList
instanceKlass kotlin/reflect/jvm/internal/impl/protobuf/ProtocolStringList
instanceKlass kotlin/reflect/jvm/internal/impl/metadata/ProtoBuf$StringTableOrBuilder
instanceKlass kotlin/reflect/jvm/internal/impl/metadata/ProtoBuf$PackageFragmentOrBuilder
instanceKlass kotlin/collections/IntIterator
instanceKlass kotlin/ranges/IntRange$Companion
instanceKlass kotlin/ranges/IntProgression$Companion
instanceKlass kotlin/ranges/IntProgression
instanceKlass kotlin/reflect/jvm/internal/impl/metadata/builtins/BuiltInsBinaryVersion$Companion
instanceKlass kotlin/reflect/jvm/internal/impl/metadata/builtins/ReadPackageFragmentKt
instanceKlass kotlin/reflect/jvm/internal/impl/serialization/deserialization/builtins/BuiltInsPackageFragmentImpl$Companion
instanceKlass kotlin/reflect/jvm/internal/impl/builtins/BuiltInsPackageFragment
instanceKlass kotlin/reflect/jvm/internal/impl/load/java/lazy/descriptors/LazyJavaClassDescriptor$$Lambda$2
instanceKlass kotlin/reflect/jvm/internal/impl/load/java/lazy/descriptors/LazyJavaClassDescriptor$$Lambda$1
instanceKlass kotlin/reflect/jvm/internal/impl/load/java/lazy/descriptors/LazyJavaClassMemberScope$$Lambda$4
instanceKlass kotlin/reflect/jvm/internal/impl/load/java/lazy/descriptors/LazyJavaClassMemberScope$$Lambda$3
instanceKlass kotlin/reflect/jvm/internal/impl/load/java/lazy/descriptors/LazyJavaClassMemberScope$$Lambda$2
instanceKlass kotlin/reflect/jvm/internal/impl/load/java/lazy/descriptors/LazyJavaClassMemberScope$$Lambda$1
instanceKlass kotlin/reflect/jvm/internal/impl/load/java/lazy/descriptors/LazyJavaClassMemberScope$$Lambda$0
instanceKlass kotlin/reflect/jvm/internal/impl/load/java/lazy/descriptors/LazyJavaClassDescriptor$LazyJavaClassTypeConstructor$$Lambda$0
instanceKlass kotlin/reflect/jvm/internal/impl/descriptors/runtime/structure/Java16SealedRecordLoader$Cache
instanceKlass kotlin/reflect/jvm/internal/impl/descriptors/runtime/structure/Java16SealedRecordLoader
instanceKlass kotlin/reflect/jvm/internal/impl/load/java/lazy/descriptors/LazyJavaClassDescriptor$$Lambda$0
instanceKlass kotlin/reflect/jvm/internal/impl/load/java/lazy/LazyJavaTypeParameterResolver$$Lambda$0
instanceKlass kotlin/reflect/jvm/internal/impl/load/java/lazy/LazyJavaTypeParameterResolver
instanceKlass kotlin/reflect/jvm/internal/impl/descriptors/runtime/components/RuntimeSourceElementFactory$RuntimeSourceElement
instanceKlass kotlin/reflect/jvm/internal/impl/load/java/sources/JavaSourceElement
instanceKlass kotlin/reflect/jvm/internal/impl/load/java/lazy/descriptors/LazyJavaClassDescriptor$Companion
instanceKlass kotlin/reflect/jvm/internal/impl/load/java/descriptors/JavaClassDescriptor
instanceKlass kotlin/reflect/jvm/internal/impl/load/java/structure/JavaClass
instanceKlass kotlin/reflect/jvm/internal/impl/load/java/structure/JavaTypeParameterListOwner
instanceKlass kotlin/reflect/jvm/internal/impl/load/java/structure/JavaClassifier
instanceKlass kotlin/reflect/jvm/internal/impl/load/java/structure/JavaNamedElement
instanceKlass kotlin/reflect/jvm/internal/impl/descriptors/runtime/structure/ReflectJavaModifierListOwner
instanceKlass kotlin/reflect/jvm/internal/impl/load/java/structure/JavaModifierListOwner
instanceKlass kotlin/reflect/jvm/internal/impl/descriptors/runtime/structure/ReflectJavaAnnotationOwner
instanceKlass kotlin/reflect/jvm/internal/impl/load/java/JavaClassFinder$Request
instanceKlass kotlin/reflect/jvm/internal/impl/types/AbstractTypeConstructor$$Lambda$4
instanceKlass kotlin/reflect/jvm/internal/impl/types/AbstractTypeConstructor$$Lambda$3
instanceKlass kotlin/reflect/jvm/internal/impl/storage/SingleThreadValue
instanceKlass kotlin/reflect/jvm/internal/impl/load/kotlin/SignatureBuildingComponents
instanceKlass kotlin/reflect/jvm/internal/impl/builtins/jvm/JvmBuiltInsSignatures
instanceKlass kotlin/reflect/jvm/internal/impl/descriptors/TypeAliasDescriptor
instanceKlass kotlin/reflect/jvm/internal/impl/util/EmptyArrayMap$iterator$1
instanceKlass kotlin/reflect/jvm/internal/impl/serialization/deserialization/TypeDeserializer$$Lambda$2
instanceKlass kotlin/reflect/jvm/internal/impl/types/AbstractTypeConstructor$Supertypes
instanceKlass kotlin/reflect/jvm/internal/impl/resolve/scopes/MemberScope$Companion$$Lambda$0
instanceKlass kotlin/reflect/jvm/internal/impl/resolve/scopes/MemberScope$Companion
instanceKlass kotlin/reflect/jvm/internal/impl/resolve/scopes/DescriptorKindFilter$Companion$MaskToName
instanceKlass kotlin/reflect/jvm/internal/impl/resolve/scopes/DescriptorKindFilter$Companion
instanceKlass kotlin/reflect/jvm/internal/impl/resolve/scopes/DescriptorKindFilter
instanceKlass kotlin/reflect/jvm/internal/impl/resolve/scopes/ResolutionScope$DefaultImpls
instanceKlass kotlin/reflect/jvm/internal/impl/descriptors/impl/DeclarationDescriptorVisitorEmptyBodies
instanceKlass kotlin/reflect/jvm/internal/impl/descriptors/TypeParameterUtilsKt
instanceKlass kotlin/reflect/jvm/internal/impl/serialization/deserialization/descriptors/DeserializedClassDescriptor$DeserializedClassMemberScope$$Lambda$2
instanceKlass kotlin/reflect/jvm/internal/impl/serialization/deserialization/descriptors/DeserializedClassDescriptor$DeserializedClassMemberScope$$Lambda$1
instanceKlass kotlin/reflect/jvm/internal/impl/serialization/deserialization/descriptors/DeserializedMemberScope$$Lambda$1
instanceKlass kotlin/reflect/jvm/internal/impl/serialization/deserialization/descriptors/DeserializedMemberScope$$Lambda$0
instanceKlass kotlin/reflect/jvm/internal/impl/serialization/deserialization/descriptors/DeserializedMemberScope$OptimizedImplementation$$Lambda$4
instanceKlass kotlin/reflect/jvm/internal/impl/serialization/deserialization/descriptors/DeserializedMemberScope$OptimizedImplementation$$Lambda$3
instanceKlass kotlin/reflect/jvm/internal/impl/serialization/deserialization/descriptors/DeserializedMemberScope$OptimizedImplementation$$Lambda$2
instanceKlass kotlin/reflect/jvm/internal/impl/serialization/deserialization/descriptors/DeserializedMemberScope$OptimizedImplementation$$Lambda$1
instanceKlass kotlin/reflect/jvm/internal/impl/serialization/deserialization/descriptors/DeserializedMemberScope$OptimizedImplementation$$Lambda$0
instanceKlass kotlin/reflect/jvm/internal/impl/protobuf/SmallSortedMap$EntryIterator
instanceKlass kotlin/reflect/jvm/internal/impl/protobuf/GeneratedMessageLite$ExtendableMessage$ExtensionWriter
instanceKlass kotlin/reflect/jvm/internal/impl/serialization/deserialization/descriptors/DeserializedMemberScope$OptimizedImplementation
instanceKlass kotlin/reflect/jvm/internal/impl/serialization/deserialization/descriptors/DeserializedMemberScope$Implementation
instanceKlass kotlin/reflect/jvm/internal/impl/serialization/deserialization/descriptors/DeserializedClassDescriptor$DeserializedClassMemberScope$$Lambda$0
instanceKlass kotlin/reflect/jvm/internal/calls/CallerKt
instanceKlass kotlin/reflect/full/KClasses
instanceKlass kotlin/reflect/jvm/internal/calls/ValueClassAwareCallerKt
instanceKlass kotlin/reflect/jvm/internal/calls/CallerImpl$Companion
instanceKlass kotlin/reflect/jvm/internal/calls/CallerImpl
instanceKlass kotlin/reflect/jvm/internal/calls/Caller
instanceKlass kotlin/reflect/jvm/internal/ConvertFromMetadataKt$WhenMappings
instanceKlass kotlin/reflect/jvm/internal/FunctionJvmDescriptorLoaded
instanceKlass kotlin/reflect/jvm/internal/FunctionJvmDescriptor
instanceKlass kotlin/reflect/jvm/internal/UtilKt
instanceKlass kotlin/collections/builders/ListBuilderKt
instanceKlass kotlin/collections/builders/ListBuilder$Companion
instanceKlass kotlin/reflect/jvm/internal/KotlinKCallableKt
instanceKlass kotlin/reflect/jvm/internal/KotlinKConstructor$$Lambda$0
instanceKlass kotlin/reflect/jvm/internal/KotlinKFunction$$Lambda$3
instanceKlass kotlin/reflect/jvm/internal/KotlinKFunction$$Lambda$2
instanceKlass kotlin/reflect/jvm/internal/KotlinKFunction$$Lambda$1
instanceKlass kotlin/reflect/jvm/internal/KotlinKFunction$$Lambda$0
instanceKlass kotlin/reflect/jvm/internal/ReflectKFunction
instanceKlass kotlin/reflect/jvm/internal/FunctionWithAllInvokes
instanceKlass kotlin/reflect/jvm/internal/impl/km/jvm/JvmExtensionsKt
instanceKlass kotlin/reflect/jvm/internal/ConvertFromMetadataKt
instanceKlass org/jetbrains/kotlin/compilerRunner/ArgumentsToStrings
instanceKlass org/jetbrains/kotlin/compilerRunner/ArgumentUtils
instanceKlass org/jetbrains/kotlin/config/Services$Builder
instanceKlass org/jetbrains/kotlin/config/Services$Companion
instanceKlass org/jetbrains/kotlin/config/Services
instanceKlass org/jetbrains/kotlin/compilerRunner/CompilerEnvironment
instanceKlass org/jetbrains/kotlin/incremental/IncrementalCompilationFeatures$Companion
instanceKlass org/gradle/api/internal/file/DefaultFilePropertyFactory$PathToFileTransformer
instanceKlass org/jetbrains/kotlin/daemon/common/MultiModuleICSettings$Companion
instanceKlass org/jetbrains/kotlin/incremental/ClasspathSnapshotFiles$Companion
instanceKlass org/jetbrains/kotlin/incremental/ClasspathSnapshotFiles
instanceKlass org/jetbrains/kotlin/buildtools/api/SourcesChanges$Unknown
instanceKlass org/jetbrains/kotlin/compilerRunner/IncrementalCompilationEnvironment$Companion
instanceKlass org/jetbrains/kotlin/compilerRunner/IncrementalCompilationEnvironment
instanceKlass org/jetbrains/kotlin/compilerRunner/GradleKotlinCompilerRunnerKt
instanceKlass org/jetbrains/kotlin/gradle/tasks/AbstractKotlinCompile$compilerRunner$1$2$1$1
instanceKlass org/jetbrains/kotlin/gradle/tasks/CompileUsingKotlinDaemonWithNormalization$normalizedKotlinDaemonJvmArguments$1
instanceKlass org/jetbrains/kotlin/gradle/tasks/CompileUsingKotlinDaemonWithNormalization$DefaultImpls
instanceKlass org/jetbrains/kotlin/compilerRunner/CompilerExecutionSettings$Companion
instanceKlass org/jetbrains/kotlin/compilerRunner/CompilerExecutionSettings
instanceKlass org/jetbrains/kotlin/gradle/tasks/AbstractKotlinCompile$compilerRunner$1$2$1
instanceKlass org/jetbrains/kotlin/gradle/tasks/AbstractKotlinCompile$compilerRunner$1$2
instanceKlass org/jetbrains/kotlin/gradle/tasks/AbstractKotlinCompile$compilerRunner$1$1
instanceKlass org/jetbrains/kotlin/compilerRunner/OutputItemsCollectorImpl
instanceKlass org/jetbrains/kotlin/compilerRunner/OutputItemsCollector
instanceKlass org/jetbrains/kotlin/gradle/logging/BuildErrorMessageCollector
instanceKlass org/jetbrains/kotlin/cli/common/messages/CompilerMessageSeverity$Companion
instanceKlass org/jetbrains/kotlin/gradle/logging/GradleErrorMessageCollector
instanceKlass org/jetbrains/kotlin/cli/common/messages/GradleStyleMessageRenderer
instanceKlass org/jetbrains/kotlin/cli/common/messages/MessageRenderer
instanceKlass org/jetbrains/kotlin/gradle/logging/GradlePrintingMessageCollector
instanceKlass org/jetbrains/kotlin/cli/common/messages/MessageCollector
instanceKlass org/jetbrains/kotlin/gradle/tasks/KotlinCompile$WhenMappings
instanceKlass kotlin/io/FilePathComponents
instanceKlass org/jetbrains/kotlin/tooling/core/KotlinToolingVersionKt
instanceKlass org/jetbrains/kotlin/gradle/dsl/KotlinCommonCompilerOptionsExtensionsKt$usesK2$1
instanceKlass org/jetbrains/kotlin/gradle/dsl/KotlinCommonCompilerOptionsExtensionsKt
instanceKlass org/jetbrains/kotlin/gradle/utils/CompilerArgsUtilsKt
instanceKlass org/jetbrains/kotlin/gradle/tasks/CompilerPluginOptionsKt
instanceKlass org/jetbrains/kotlin/gradle/plugin/CreateCompilerArgumentsContextImpl$ContributeCompilerArgumentsContextImpl
instanceKlass org/jetbrains/kotlin/gradle/plugin/KotlinCompilerArgumentsProducer$ContributeCompilerArgumentsContext
instanceKlass kotlin/reflect/KClasses
instanceKlass org/jetbrains/kotlin/gradle/plugin/CreateCompilerArgumentsContextImpl
instanceKlass org/jetbrains/kotlin/gradle/plugin/KotlinCompilerArgumentsProducer$ArgumentType$Companion
instanceKlass org/jetbrains/kotlin/gradle/plugin/KotlinCompilerArgumentsProducerKt
instanceKlass org/jetbrains/kotlin/gradle/plugin/KotlinCompilerArgumentsProducer$CreateCompilerArgumentsContext$Companion
instanceKlass org/jetbrains/kotlin/gradle/plugin/KotlinCompilerArgumentsProducer$DefaultImpls
instanceKlass org/jetbrains/kotlin/incremental/FileUtilsKt
instanceKlass org/jetbrains/kotlin/gradle/internal/tasks/TaskWithLocalStateKt
instanceKlass org/jetbrains/kotlin/gradle/logging/GradleKotlinLogger
instanceKlass org/jetbrains/kotlin/buildtools/api/KotlinLogger
instanceKlass org/jetbrains/kotlin/gradle/tasks/TasksUtilsKt
instanceKlass org/jetbrains/kotlin/cli/common/CompilerSystemProperties$Companion
instanceKlass org/jetbrains/kotlin/compilerRunner/CompilerSystemPropertiesService$Parameters$Inject_
instanceKlass org/jetbrains/kotlin/statistics/metrics/OverrideMetricContainer
instanceKlass org/jetbrains/kotlin/statistics/metrics/IMetricContainer
instanceKlass org/jetbrains/kotlin/gradle/plugin/statistics/NonSynchronizedMetricsContainer$MetricDescriptor
instanceKlass org/jetbrains/kotlin/statistics/metrics/StatisticsValuesConsumer$DefaultImpls
instanceKlass org/jetbrains/kotlin/gradle/plugin/statistics/CompileKotlinTaskMetrics
instanceKlass org/jetbrains/kotlin/build/report/metrics/BuildMetricsReporterImpl$WhenMappings
instanceKlass org/gradle/api/internal/tasks/execution/ExecuteTaskActionBuildOperationType$2
instanceKlass org/gradle/api/internal/tasks/execution/ExecuteTaskActionBuildOperationType$1
instanceKlass org/gradle/api/internal/tasks/execution/ExecuteTaskActionBuildOperationType$Result
instanceKlass org/gradle/api/internal/tasks/execution/ExecuteTaskActionBuildOperationType$Details
instanceKlass org/gradle/api/internal/tasks/execution/ExecuteTaskActionBuildOperationType
instanceKlass org/gradle/api/internal/tasks/execution/TaskExecution$3
instanceKlass org/gradle/internal/execution/steps/ExecuteStep$Mutable$1
instanceKlass org/gradle/internal/execution/steps/ExecuteStep$1$1
instanceKlass org/gradle/internal/execution/steps/ExecuteStep$Operation$Details
instanceKlass org/gradle/internal/execution/steps/ExecuteStep$1
instanceKlass org/gradle/internal/execution/steps/PreCreateOutputParentsStep$2
instanceKlass org/gradle/internal/execution/steps/PreCreateOutputParentsStep$1
instanceKlass org/gradle/internal/file/impl/DefaultDeleter$FileDeletionResult
instanceKlass org/gradle/internal/execution/steps/RemovePreviousOutputsStep$3
instanceKlass org/gradle/internal/execution/steps/RemovePreviousOutputsStep$2
instanceKlass org/gradle/internal/vfs/impl/VersionHierarchy$2
instanceKlass org/gradle/internal/execution/UnitOfWork$1
instanceKlass org/gradle/internal/execution/history/changes/NonIncrementalInputChanges
instanceKlass org/jetbrains/kotlin/gradle/tasks/CacheableTasksKt$cacheOnlyIfEnabledForKotlin$1$1
instanceKlass org/gradle/internal/execution/history/changes/ExecutionStateChanges$2
instanceKlass org/gradle/api/internal/artifacts/ivyservice/ShortCircuitingResolutionExecutor$EmptyLenientConfiguration
instanceKlass org/gradle/api/internal/artifacts/ivyservice/ivyresolve/strategy/InverseVersionSelector
instanceKlass org/jetbrains/kotlin/gradle/plugin/DefaultKotlinBasePlugin$addKotlinCompilerConfiguration$2$1$1$1
instanceKlass org/jetbrains/kotlin/gradle/plugin/DefaultKotlinBasePlugin$addKotlinCompilerConfiguration$2$1$1
instanceKlass com/android/build/gradle/internal/dependency/IdentityTransform$Parameters$Inject_
instanceKlass com/android/build/gradle/internal/dependency/AarToClassTransform$Params$Inject_
instanceKlass org/gradle/internal/fingerprint/impl/PatternSetSnapshottingFilter$LogicalFileTreeElement
instanceKlass org/gradle/internal/snapshot/impl/FileSystemSnapshotFilter$FilteringVisitor$1
instanceKlass org/gradle/internal/snapshot/impl/FileSystemSnapshotFilter$FilteringVisitor
instanceKlass org/gradle/internal/snapshot/SnapshottingFilter$FileSystemSnapshotPredicate
instanceKlass org/gradle/internal/fingerprint/impl/PatternSetSnapshottingFilter$PathBackedFileTreeElement
instanceKlass org/gradle/internal/snapshot/SnapshottingFilter$DirectoryWalkerPredicate
instanceKlass org/gradle/internal/fingerprint/impl/PatternSetSnapshottingFilter
instanceKlass org/gradle/execution/plan/ExecutionNodeAccessHierarchy$FilteredNodeAccess
instanceKlass org/gradle/api/tasks/util/internal/CachingPatternSpecFactory$CachingSpec$1
instanceKlass org/gradle/api/internal/file/AbstractFileTreeElement
instanceKlass org/gradle/api/file/FileVisitDetails
instanceKlass org/gradle/api/internal/file/AttributeBasedFileVisitDetailsFactory
instanceKlass java/nio/file/FileTreeWalker$1
instanceKlass org/gradle/api/internal/file/collections/PathVisitor
instanceKlass org/gradle/api/file/ReproducibleFileVisitor
instanceKlass org/gradle/api/file/RelativePath
instanceKlass org/gradle/api/file/EmptyFileVisitor
instanceKlass org/gradle/api/internal/file/collections/FileTreeAdapter$1
instanceKlass org/gradle/api/internal/file/collections/ReproducibleDirectoryWalker$PathWithAttributes
instanceKlass org/gradle/api/internal/file/collections/ReproducibleDirectoryWalker
instanceKlass org/gradle/internal/nativeintegration/services/FileSystems
instanceKlass org/gradle/api/internal/file/collections/DefaultDirectoryWalker
instanceKlass org/gradle/api/internal/file/collections/DirectoryWalker
instanceKlass org/gradle/api/internal/file/collections/MinimalFileTree$MinimalFileTreeStructureVisitor
instanceKlass com/android/build/gradle/internal/dependency/GenericTransformParameters$Inject_
instanceKlass com/android/build/gradle/internal/dependency/JetifyTransform$Parameters$Inject_
instanceKlass org/gradle/internal/resolve/resolver/DefaultVariantArtifactResolver$SingleArtifactVariantIdentifier
instanceKlass org/gradle/api/internal/artifacts/ivyservice/ivyresolve/parser/PomReader$1
instanceKlass org/apache/commons/io/function/IOConsumer
instanceKlass org/apache/commons/io/function/IOFunction
instanceKlass java/util/function/IntUnaryOperator
instanceKlass org/apache/commons/io/file/DeleteOption
instanceKlass org/apache/commons/io/file/PathUtils
instanceKlass org/apache/commons/io/build/AbstractSupplier
instanceKlass org/apache/commons/io/function/IOSupplier
instanceKlass org/apache/commons/io/IOUtils
instanceKlass org/apache/ivy/plugins/parser/m2/PomReader
instanceKlass org/gradle/api/internal/artifacts/ivyservice/ivyresolve/parser/PomReader
instanceKlass org/gradle/internal/hash/HashCode$1
instanceKlass com/android/build/gradle/internal/dependency/AndroidXDependencySubstitution$replaceOldSupportLibraries$1$1$1
instanceKlass com/google/common/collect/ForwardingObject
instanceKlass com/google/common/base/Predicates$CompositionPredicate
instanceKlass org/gradle/internal/execution/history/changes/DefaultIncrementalInputProperties
instanceKlass org/gradle/internal/execution/steps/ResolveChangesStep$1
instanceKlass org/gradle/internal/execution/history/impl/DefaultOutputFilesRepository$1
instanceKlass org/gradle/internal/execution/caching/CachingState$Enabled
instanceKlass org/gradle/internal/execution/caching/CachingState$CacheKeyCalculatedState
instanceKlass org/gradle/caching/internal/SimpleBuildCacheKey
instanceKlass org/gradle/caching/internal/BuildCacheKeyInternal
instanceKlass org/gradle/caching/BuildCacheKey
instanceKlass org/gradle/internal/execution/caching/impl/DefaultCachingStateFactory
instanceKlass org/gradle/internal/execution/history/changes/InputChangesInternal
instanceKlass org/gradle/internal/execution/history/changes/ExecutionStateChanges$1
instanceKlass org/gradle/internal/execution/history/changes/CachingChangeContainer$CachingVisitor
instanceKlass org/gradle/internal/execution/history/changes/DefaultExecutionStateChangeDetector$InputFileChangesWrapper
instanceKlass org/gradle/internal/execution/history/changes/CachingChangeContainer
instanceKlass org/gradle/internal/execution/history/changes/InputFileChanges$1
instanceKlass org/gradle/internal/execution/history/changes/AbstractFingerprintChanges$1
instanceKlass org/gradle/internal/execution/history/changes/SortedMapDiffUtil
instanceKlass org/gradle/internal/execution/history/changes/OutputFileChanges$1
instanceKlass org/gradle/internal/execution/history/changes/SummarizingChangeContainer$ChangeDetectingVisitor
instanceKlass org/gradle/internal/execution/history/changes/MessageCollectingChangeVisitor
instanceKlass org/gradle/internal/execution/history/changes/ErrorHandlingChangeContainer
instanceKlass org/gradle/internal/execution/history/changes/SummarizingChangeContainer
instanceKlass org/gradle/internal/execution/history/changes/OutputFileChanges
instanceKlass org/gradle/internal/execution/history/changes/TrivialChangeDetector
instanceKlass org/gradle/internal/execution/history/changes/AbsolutePathChangeDetector$ItemComparator
instanceKlass org/gradle/internal/execution/history/changes/AbsolutePathChangeDetector
instanceKlass org/gradle/internal/execution/history/changes/AbstractFingerprintCompareStrategy$2
instanceKlass org/gradle/internal/execution/history/changes/AbstractFingerprintCompareStrategy$1
instanceKlass org/gradle/internal/execution/history/changes/TrivialChangeDetector$ItemComparator
instanceKlass org/gradle/internal/execution/history/changes/CompareStrategy$ChangeFactory
instanceKlass org/gradle/internal/execution/history/changes/CompareStrategy$ChangeDetector
instanceKlass org/gradle/internal/execution/history/changes/CompareStrategy
instanceKlass org/gradle/internal/execution/history/changes/FingerprintCompareStrategy
instanceKlass org/gradle/internal/execution/history/changes/PropertyDiffListener
instanceKlass org/gradle/internal/execution/history/changes/AbstractFingerprintChanges
instanceKlass org/gradle/internal/execution/history/changes/InputValueChanges
instanceKlass org/gradle/internal/execution/history/changes/PropertyChanges
instanceKlass org/gradle/internal/execution/history/changes/ImplementationChanges
instanceKlass org/gradle/internal/execution/history/changes/DescriptiveChange
instanceKlass org/gradle/internal/execution/history/changes/Change
instanceKlass org/gradle/internal/execution/history/changes/PreviousSuccessChanges
instanceKlass org/gradle/internal/execution/history/changes/IncrementalInputProperties$1
instanceKlass org/gradle/internal/execution/steps/ResolveChangesStep$2
instanceKlass org/gradle/internal/execution/history/changes/ExecutionStateChanges
instanceKlass org/gradle/internal/execution/steps/ValidateStep$1
instanceKlass org/gradle/api/internal/tasks/properties/DefaultPropertyValidationContext
instanceKlass org/gradle/internal/execution/steps/CaptureMutableStateBeforeExecutionStep$Operation$Result$1
instanceKlass org/gradle/internal/execution/steps/CaptureMutableStateBeforeExecutionStep$Operation$Result
instanceKlass org/gradle/internal/snapshot/AbstractInvalidateChildHandler
instanceKlass org/gradle/internal/snapshot/AbstractIncompleteFileSystemNode$1
instanceKlass org/gradle/internal/watch/vfs/impl/WatchingVirtualFileSystem$VfsChangeLoggingNodeDiffListener
instanceKlass org/gradle/internal/watch/registry/impl/DefaultFileWatcherRegistry$3
instanceKlass org/gradle/internal/watch/registry/impl/DefaultFileWatcherRegistry$1
instanceKlass org/gradle/fileevents/internal/AbstractFileEventFunctions$ChangeEvent
instanceKlass org/gradle/internal/watch/registry/impl/DefaultFileWatcherProbeRegistry$1
instanceKlass org/gradle/internal/execution/steps/CaptureMutableStateBeforeExecutionStep$Operation$Details$1
instanceKlass org/gradle/internal/execution/steps/CaptureMutableStateBeforeExecutionStep$Operation$Details
instanceKlass org/gradle/internal/execution/history/impl/AbstractInputExecutionState
instanceKlass org/gradle/internal/execution/history/impl/FileSystemSnapshotSerializer$2
instanceKlass org/gradle/internal/execution/history/impl/FileSystemSnapshotSerializer$SnapshotStack
instanceKlass org/gradle/internal/fingerprint/FileCollectionFingerprint$1
instanceKlass org/gradle/internal/execution/history/impl/SerializableFileCollectionFingerprint
instanceKlass org/gradle/internal/execution/history/impl/FingerprintMapSerializer$1
instanceKlass org/gradle/api/internal/tasks/properties/InputPropertySpec
instanceKlass org/gradle/tooling/events/task/internal/DefaultTaskSkippedResult
instanceKlass org/gradle/tooling/events/task/TaskSkippedResult
instanceKlass org/gradle/tooling/events/SkippedResult
instanceKlass org/gradle/api/internal/tasks/execution/statistics/TaskExecutionStatisticsEventAdapter$1
instanceKlass org/gradle/api/internal/tasks/execution/ExecuteActionsTaskExecuter$1
instanceKlass org/gradle/api/internal/tasks/execution/ExecuteActionsTaskExecuter$2
instanceKlass org/gradle/api/internal/tasks/SnapshotTaskInputsBuildOperationType$Result$InputFilePropertyVisitor
instanceKlass org/gradle/api/internal/tasks/BaseSnapshotInputsBuildOperationResult
instanceKlass org/gradle/api/internal/tasks/SnapshotTaskInputsBuildOperationType$Result
instanceKlass org/gradle/api/internal/file/FileCollectionBackedFileTree$2
instanceKlass org/gradle/api/internal/file/FileCollectionBackedFileTree$1
instanceKlass org/gradle/internal/execution/steps/SkipEmptyMutableWorkStep$2
instanceKlass org/gradle/internal/operations/DefaultBuildOperationRunner$3$1
instanceKlass org/gradle/internal/operations/DefaultBuildOperationRunner$3
instanceKlass org/gradle/cache/internal/btree/FreeListBlockStore$FreeListEntry
instanceKlass com/android/build/gradle/internal/attribution/BuildAnalyzerService$Companion
instanceKlass com/android/build/gradle/internal/attribution/BuildAnalyzerService$Parameters$Inject_
instanceKlass java/time/Instant$1
instanceKlass com/android/build/gradle/internal/profile/AnalyticsResourceManager$WhenMappings
instanceKlass com/google/wireless/android/sdk/stats/GradleTaskExecution$TaskState$1
instanceKlass com/android/tools/build/gradle/internal/profile/GradleTaskExecutionType$1
instanceKlass com/google/common/collect/Streams
instanceKlass org/jetbrains/kotlin/gradle/plugin/statistics/ExecutedTaskMetrics
instanceKlass org/jetbrains/kotlin/gradle/plugin/statistics/FusMetrics
instanceKlass org/gradle/internal/execution/steps/HandleStaleOutputsStep$1
instanceKlass org/gradle/internal/execution/workspace/MutableWorkspaceProvider$WorkspaceAction
instanceKlass java/time/Clock
instanceKlass org/jetbrains/kotlin/gradle/plugin/internal/state/TaskExecutionResults
instanceKlass org/gradle/api/internal/tasks/execution/TaskExecution$4
instanceKlass java/time/InstantSource
instanceKlass org/gradle/tooling/events/task/TaskFailureResult
instanceKlass org/gradle/tooling/events/FailureResult
instanceKlass com/android/build/gradle/internal/profile/TaskProfilingRecord$Companion
instanceKlass org/gradle/api/internal/tasks/execution/TaskExecution$5
instanceKlass org/gradle/tooling/events/internal/BaseProgressEvent
instanceKlass org/gradle/api/internal/tasks/execution/TaskExecution$1
instanceKlass org/gradle/api/internal/tasks/properties/PropertyValidationContext
instanceKlass org/gradle/api/internal/tasks/SnapshotTaskInputsBuildOperationType$Details
instanceKlass org/gradle/tooling/events/task/internal/TaskExecutionDetails
instanceKlass org/gradle/api/internal/tasks/execution/TaskExecution
instanceKlass org/gradle/internal/execution/MutableUnitOfWork
instanceKlass org/gradle/tooling/events/internal/DefaultOperationSuccessResult
instanceKlass org/gradle/tooling/events/task/TaskSuccessResult
instanceKlass org/gradle/tooling/events/SuccessResult
instanceKlass org/gradle/tooling/events/task/TaskExecutionResult
instanceKlass org/gradle/tooling/events/work/WorkItemFinishEvent
instanceKlass org/gradle/api/internal/changedetection/changes/DefaultTaskExecutionMode
instanceKlass org/gradle/api/internal/changedetection/TaskExecutionMode
instanceKlass org/gradle/tooling/events/download/FileDownloadFinishEvent
instanceKlass org/gradle/tooling/events/problems/DocumentationLink
instanceKlass org/gradle/tooling/events/transform/TransformFinishEvent
instanceKlass org/gradle/tooling/events/test/TestOutputEvent
instanceKlass org/gradle/tooling/events/lifecycle/BuildPhaseFinishEvent
instanceKlass org/gradle/tooling/events/lifecycle/BuildPhaseStartEvent
instanceKlass org/gradle/tooling/events/work/WorkItemStartEvent
instanceKlass org/gradle/tooling/events/work/WorkItemProgressEvent
instanceKlass org/gradle/tooling/events/download/FileDownloadResult
instanceKlass org/gradle/tooling/events/configuration/ProjectConfigurationOperationDescriptor
instanceKlass org/gradle/tooling/events/test/TestOutputDescriptor
instanceKlass org/gradle/tooling/events/configuration/ProjectConfigurationStartEvent
instanceKlass org/gradle/tooling/events/configuration/ProjectConfigurationFinishEvent
instanceKlass org/gradle/tooling/events/download/FileDownloadOperationDescriptor
instanceKlass org/gradle/tooling/events/work/WorkItemOperationDescriptor
instanceKlass org/gradle/tooling/events/configuration/ProjectConfigurationOperationResult
instanceKlass org/gradle/execution/plan/ValuedVfsHierarchy$1
instanceKlass org/gradle/tooling/events/test/TestMetadataEvent
instanceKlass org/gradle/tooling/events/transform/TransformStartEvent
instanceKlass org/gradle/tooling/events/transform/TransformProgressEvent
instanceKlass org/gradle/tooling/events/problems/ProblemDefinition
instanceKlass org/gradle/tooling/events/transform/TransformOperationDescriptor
instanceKlass org/gradle/tooling/events/download/FileDownloadStartEvent
instanceKlass org/gradle/tooling/events/download/FileDownloadProgressEvent
instanceKlass org/gradle/tooling/events/configuration/ProjectConfigurationProgressEvent
instanceKlass org/gradle/tooling/events/problems/ProblemGroup
instanceKlass org/gradle/execution/plan/ValuedVfsHierarchy$2
instanceKlass org/gradle/tooling/events/problems/ContextualLabel
instanceKlass org/gradle/tooling/events/PluginIdentifier
instanceKlass org/gradle/tooling/events/work/WorkItemOperationResult
instanceKlass org/gradle/tooling/events/transform/TransformOperationResult
instanceKlass org/gradle/execution/plan/ExecutionNodeAccessHierarchy$DefaultNodeAccess
instanceKlass org/gradle/execution/plan/ExecutionNodeAccessHierarchy$NodeAccess
instanceKlass org/gradle/tooling/events/test/TestOperationResult
instanceKlass org/gradle/tooling/events/test/source/TestSource
instanceKlass org/gradle/tooling/events/test/TestOperationDescriptor
instanceKlass org/gradle/tooling/internal/protocol/events/InternalJvmTestDescriptor
instanceKlass org/gradle/tooling/events/problems/AdditionalData
instanceKlass org/gradle/tooling/events/problems/ProblemId
instanceKlass org/gradle/tooling/Failure
instanceKlass org/gradle/tooling/events/problems/Details
instanceKlass org/gradle/tooling/events/problems/Problem
instanceKlass org/gradle/tooling/events/task/TaskFinishEvent
instanceKlass org/gradle/api/internal/tasks/properties/DefaultTaskProperties$ResolvingValue
instanceKlass org/gradle/tooling/events/lifecycle/BuildPhaseProgressEvent
instanceKlass org/gradle/api/internal/tasks/properties/ValidationActions$7
instanceKlass org/gradle/tooling/events/task/TaskStartEvent
instanceKlass org/gradle/tooling/events/task/TaskProgressEvent
instanceKlass org/gradle/tooling/events/test/TestFinishEvent
instanceKlass org/gradle/tooling/events/test/TestStartEvent
instanceKlass org/gradle/tooling/events/StartEvent
instanceKlass org/gradle/tooling/events/test/TestProgressEvent
instanceKlass org/gradle/tooling/events/task/TaskOperationResult
instanceKlass org/gradle/tooling/events/OperationResult
instanceKlass org/gradle/tooling/events/problems/ProblemAggregation
instanceKlass org/gradle/tooling/events/problems/ProblemEvent
instanceKlass org/gradle/tooling/events/task/java/JavaCompileTaskOperationResult$AnnotationProcessorResult
instanceKlass org/gradle/tooling/events/test/source/FilePosition
instanceKlass org/gradle/api/internal/tasks/properties/AbstractValidatingProperty
instanceKlass org/gradle/api/internal/tasks/properties/ValidatingProperty
instanceKlass org/gradle/api/internal/tasks/properties/LifecycleAwareValue
instanceKlass org/gradle/tooling/internal/consumer/parameters/BuildProgressListenerAdapter
instanceKlass org/gradle/tooling/internal/protocol/InternalBuildProgressListener
instanceKlass org/gradle/api/internal/tasks/properties/InputFilePropertySpec
instanceKlass org/gradle/api/services/internal/DefaultBuildServicesRegistry$ServiceBackedSharedResource
instanceKlass org/gradle/tooling/events/task/internal/DefaultTaskOperationDescriptor$1
instanceKlass org/gradle/tooling/events/internal/DefaultOperationDescriptor
instanceKlass org/gradle/internal/logging/events/StyledTextOutputEvent$Span
instanceKlass org/gradle/internal/logging/events/operations/StyledTextBuildOperationProgressDetails$Span
instanceKlass org/gradle/internal/operations/logging/StyledTextBuildOperationProgressDetails$Span
instanceKlass org/gradle/api/internal/tasks/execution/ExecuteTaskBuildOperationResult
instanceKlass org/gradle/api/internal/tasks/execution/ExecuteTaskBuildOperationType$Result
instanceKlass org/gradle/api/internal/tasks/TaskExecuterResult$1
instanceKlass org/gradle/internal/build/event/types/DefaultTaskDescriptor
instanceKlass org/gradle/tooling/internal/protocol/events/InternalTaskWithExtraInfoDescriptor
instanceKlass org/gradle/tooling/internal/protocol/events/InternalTaskDescriptor
instanceKlass org/gradle/api/internal/tasks/execution/EventFiringTaskExecuter$1
instanceKlass org/gradle/api/internal/tasks/execution/EventFiringTaskExecuter
instanceKlass org/gradle/api/internal/tasks/execution/CatchExceptionTaskExecuter
instanceKlass org/gradle/api/internal/tasks/execution/SkipOnlyIfTaskExecuter
instanceKlass org/gradle/api/internal/tasks/execution/SkipTaskWithNoActionsExecuter
instanceKlass org/gradle/api/internal/tasks/execution/FinalizePropertiesTaskExecuter
instanceKlass org/gradle/api/internal/tasks/execution/ResolveTaskExecutionModeExecuter
instanceKlass org/gradle/api/internal/tasks/execution/ProblemsTaskPathTrackingTaskExecuter
instanceKlass org/gradle/api/execution/TaskActionListener
instanceKlass org/gradle/api/internal/tasks/TaskExecuterResult
instanceKlass org/gradle/api/internal/tasks/execution/ExecuteActionsTaskExecuter
instanceKlass org/gradle/normalization/internal/InputNormalizationHandlerInternal$CachedState
instanceKlass org/gradle/normalization/internal/DefaultInputNormalizationHandler
instanceKlass org/gradle/api/internal/changedetection/state/IgnoringResourceEntryFilter
instanceKlass org/gradle/api/internal/changedetection/state/IgnoringResourceFilter
instanceKlass org/gradle/normalization/internal/DefaultRuntimeClasspathNormalization$RuntimeMetaInfNormalization
instanceKlass org/gradle/normalization/PropertiesFileNormalization
instanceKlass org/gradle/normalization/internal/DefaultRuntimeClasspathNormalization$DefaultPropertiesFileFilter
instanceKlass org/gradle/normalization/internal/DefaultRuntimeClasspathNormalization$EvaluatableFilter
instanceKlass org/gradle/normalization/internal/RuntimeClasspathNormalizationInternal$CachedState
instanceKlass org/gradle/normalization/MetaInfNormalization
instanceKlass org/gradle/normalization/internal/DefaultRuntimeClasspathNormalization
instanceKlass org/gradle/api/internal/changedetection/changes/DefaultTaskExecutionModeResolver
instanceKlass org/gradle/api/internal/tasks/execution/DefaultTaskCacheabilityResolver
instanceKlass org/gradle/internal/file/DefaultReservedFileSystemLocationRegistry
instanceKlass org/gradle/internal/execution/workspace/MutableWorkspaceProvider
instanceKlass org/gradle/api/internal/artifacts/DefaultDependencyManagementServices$DependencyResolutionScopeServices$1
instanceKlass org/gradle/internal/snapshot/impl/ImplementationSnapshotSerializer
instanceKlass org/gradle/internal/execution/history/impl/FileSystemSnapshotSerializer
instanceKlass org/gradle/internal/execution/history/impl/FileCollectionFingerprintSerializer
instanceKlass org/gradle/internal/execution/history/PreviousExecutionState
instanceKlass org/gradle/internal/execution/history/impl/DefaultExecutionHistoryStore
instanceKlass org/gradle/api/internal/changedetection/state/DefaultExecutionHistoryCacheAccess
instanceKlass org/gradle/api/internal/tasks/TaskExecutionContext$OutputDependencyCheckAction
instanceKlass org/gradle/api/internal/tasks/execution/DefaultTaskExecutionContext
instanceKlass org/gradle/internal/reflect/validation/TypeValidationProblemRenderer
instanceKlass org/gradle/api/internal/tasks/properties/CompositePropertyVisitor
instanceKlass org/gradle/api/internal/tasks/properties/DefaultTaskProperties$GetDestroyablesVisitor
instanceKlass org/gradle/api/internal/tasks/properties/DefaultTaskProperties$GetLocalStateVisitor
instanceKlass org/gradle/api/internal/tasks/properties/OutputUnpacker$UnpackedOutputConsumer$1
instanceKlass org/gradle/api/internal/tasks/properties/ValidationAction
instanceKlass org/gradle/api/internal/tasks/properties/DefaultTaskProperties$ValidationVisitor
instanceKlass org/gradle/api/internal/tasks/properties/GetServiceReferencesVisitor
instanceKlass org/gradle/api/internal/tasks/properties/GetInputFilesVisitor
instanceKlass org/gradle/api/internal/tasks/properties/GetInputPropertiesVisitor
instanceKlass org/gradle/api/internal/tasks/properties/DefaultTaskProperties
instanceKlass org/gradle/api/internal/tasks/properties/TaskProperties
instanceKlass org/gradle/execution/plan/ResolveMutationsNode$ResolveTaskMutationsDetails
instanceKlass org/gradle/api/internal/tasks/execution/ResolveTaskMutationsBuildOperationType$Details
instanceKlass org/gradle/execution/plan/ResolveMutationsNode$1
instanceKlass org/gradle/execution/plan/MissingTaskDependencyDetector
instanceKlass org/gradle/api/internal/tasks/TaskExecuter
instanceKlass org/gradle/internal/file/ReservedFileSystemLocationRegistry
instanceKlass org/gradle/api/internal/tasks/execution/TaskCacheabilityResolver
instanceKlass org/gradle/api/internal/changedetection/TaskExecutionModeResolver
instanceKlass org/gradle/execution/ProjectExecutionServices
instanceKlass org/gradle/execution/ProjectExecutionServiceRegistry$DefaultNodeExecutionContext
instanceKlass org/gradle/execution/plan/DefaultPlanExecutor$WorkItem
instanceKlass org/gradle/execution/plan/WorkSource$Selection
instanceKlass org/gradle/execution/plan/DefaultPlanExecutor$ExecutorState$WorkerState
instanceKlass org/gradle/execution/plan/DefaultPlanExecutor$ExecutorWorker
instanceKlass org/gradle/execution/plan/DefaultPlanExecutor$PlanDetails
instanceKlass org/gradle/execution/taskgraph/DefaultTaskExecutionGraph$InvokeNodeExecutorsAction
instanceKlass org/gradle/execution/taskgraph/DefaultTaskExecutionGraph$BuildOperationAwareExecutionAction
instanceKlass org/gradle/internal/cc/impl/DefaultConfigurationCacheDegradationController$DegradationDecision$Companion
instanceKlass org/gradle/internal/cc/impl/promo/ConfigurationCachePromoHandler$onRootBuildTaskGraphIsAboutToExecute$hasDegradationReasons$1
instanceKlass org/gradle/execution/RunRootBuildWorkBuildOperationType$Details
instanceKlass org/gradle/execution/BuildOperationFiringBuildWorkerExecutor$ExecuteTasks
instanceKlass org/gradle/composite/internal/DefaultBuildController$BuildOpRunnable
instanceKlass org/gradle/internal/buildtree/BuildOperationFiringBuildTreeWorkExecutor$2
instanceKlass org/gradle/composite/internal/DefaultIncludedBuildTaskGraph$DefaultBuildTreeWorkGraph$1$1
instanceKlass org/gradle/internal/taskgraph/CalculateTreeTaskGraphBuildOperationType$Result
instanceKlass org/gradle/execution/taskgraph/NotifyTaskGraphWhenReadyBuildOperationType$1
instanceKlass org/gradle/execution/taskgraph/NotifyTaskGraphWhenReadyBuildOperationType$Result
instanceKlass org/gradle/execution/taskgraph/NotifyTaskGraphWhenReadyBuildOperationType
instanceKlass org/gradle/api/internal/artifacts/result/AbstractDependencyResult
instanceKlass org/gradle/api/artifacts/result/ResolvedDependencyResult
instanceKlass org/gradle/api/internal/artifacts/ivyservice/resolveengine/result/DetachedSuccessfulResolvedGraphDependency
instanceKlass org/gradle/api/internal/artifacts/ivyservice/resolveengine/result/CachingComponentSelectionDescriptorFactory$Key
instanceKlass org/gradle/cache/internal/BinaryStore$ReadAction
instanceKlass com/android/build/gradle/internal/utils/ResolutionResultUtils
instanceKlass org/gradle/api/internal/artifacts/result/DefaultResolutionResult
instanceKlass com/android/build/gradle/internal/attribution/BuildAnalyzerConfiguratorService$collectAllTaskInfo$1$1$1
instanceKlass org/gradle/api/internal/tasks/properties/AbstractPropertySpec
instanceKlass org/gradle/api/internal/tasks/properties/CacheableOutputFilePropertySpec
instanceKlass org/gradle/api/internal/tasks/properties/OutputFilePropertySpec
instanceKlass org/gradle/api/internal/tasks/properties/FilePropertySpec
instanceKlass com/android/buildanalyzer/common/AndroidGradlePluginAttributionData$TaskCategoryInfo
instanceKlass org/gradle/api/internal/tasks/properties/OutputUnpacker
instanceKlass org/gradle/api/internal/tasks/properties/OutputFilesCollector
instanceKlass java/util/concurrent/ConcurrentLinkedQueue$Itr
instanceKlass com/android/tools/analytics/JournalingUsageTracker$scheduleJournalTimeout$1
instanceKlass com/android/tools/analytics/AnonymousUsageTrackerWriter$Companion
instanceKlass com/google/wireless/android/sdk/stats/AndroidStudioEvent$IdeBrand$1
instanceKlass com/android/tools/analytics/UsageTrackerWriter
instanceKlass com/android/tools/analytics/UsageTracker
instanceKlass com/google/wireless/android/sdk/stats/AndroidStudioEventOrBuilder
instanceKlass com/android/build/gradle/internal/profile/TaskProfilingRecord
instanceKlass com/android/build/gradle/internal/profile/WorkerProfilingRecord
instanceKlass com/android/build/gradle/internal/profile/AnalyticsService$Params$Inject_
instanceKlass com/google/common/base/ExtraObjectsMethodsForWeb
instanceKlass com/google/common/cache/LocalCache$WriteThroughEntry
instanceKlass com/google/common/cache/LocalCache$HashIterator
instanceKlass com/android/utils/Pair
instanceKlass com/google/protobuf/Writer
instanceKlass com/google/protobuf/ByteOutput
instanceKlass com/android/build/gradle/internal/profile/AnalyticsResourceManagerKt
instanceKlass com/google/protobuf/GeneratedMessageV3$FieldAccessorTable$OneofAccessor
instanceKlass com/google/protobuf/GeneratedMessageV3$FieldAccessorTable$FieldAccessor
instanceKlass com/google/protobuf/GeneratedMessageV3$FieldAccessorTable
instanceKlass com/google/protobuf/Descriptors$1
instanceKlass com/google/protobuf/Descriptors$FieldDescriptor$1
instanceKlass com/google/protobuf/DescriptorProtos$OneofOptionsOrBuilder
instanceKlass com/google/protobuf/DescriptorProtos$FieldOptions$EditionDefaultOrBuilder
instanceKlass com/google/protobuf/DescriptorProtos$FieldOptions$1
instanceKlass com/google/protobuf/DescriptorProtos$FieldDescriptorProto$Type$1
instanceKlass com/google/protobuf/DescriptorProtos$FieldDescriptorProto$Label$1
instanceKlass com/google/protobuf/DescriptorProtos$FieldOptionsOrBuilder
instanceKlass com/google/protobuf/DescriptorProtos$DescriptorProto$ReservedRangeOrBuilder
instanceKlass com/google/protobuf/DescriptorProtos$OneofDescriptorProtoOrBuilder
instanceKlass com/google/protobuf/DescriptorProtos$DescriptorProto$ExtensionRangeOrBuilder
instanceKlass com/google/protobuf/DescriptorProtos$MessageOptionsOrBuilder
instanceKlass com/google/wireless/android/sdk/stats/AndroidStudioStats
instanceKlass com/google/wireless/android/sdk/stats/GradleBuildProject$GradlePlugin$1
instanceKlass com/android/build/gradle/internal/profile/AnalyticsResourceManager$recordPlugins$1
instanceKlass java/lang/invoke/MethodHandleImpl$CountingWrapper$1
instanceKlass org/gradle/api/file/ExpandDetails
instanceKlass org/jetbrains/kotlin/cli/common/arguments/CommonCompilerArgumentsConfigurator
instanceKlass org/jetbrains/kotlin/cli/common/arguments/ArgumentParseErrors
instanceKlass org/gradle/api/tasks/options/Option
instanceKlass com/android/build/gradle/internal/testing/StaticTestData
instanceKlass com/android/build/api/instrumentation/StaticTestData
instanceKlass com/android/build/gradle/internal/testing/TestRunner
instanceKlass com/android/build/gradle/internal/tasks/DeviceProviderInstrumentTestTask$TestRunnerFactory
instanceKlass com/android/build/gradle/internal/tasks/DeviceProviderInstrumentTestTask$DeviceProviderFactory
instanceKlass org/gradle/internal/Factory
instanceKlass org/gradle/internal/classloader/ClassLoaderVisitor
instanceKlass org/gradle/declarative/dsl/model/annotations/ValueFactories
instanceKlass org/gradle/execution/taskgraph/DefaultTaskExecutionGraph$NotifyTaskGraphWhenReadyDetails
instanceKlass org/gradle/execution/taskgraph/NotifyTaskGraphWhenReadyBuildOperationType$Details
instanceKlass org/gradle/execution/taskgraph/DefaultTaskExecutionGraph$NotifyTaskGraphWhenReady
instanceKlass it/unimi/dsi/fastutil/objects/ObjectOpenHashSet$SetIterator
instanceKlass org/gradle/execution/plan/FinalizerGroup$ElementSuccessors
instanceKlass org/gradle/execution/plan/FinalizerGroup$WaitForNodesToComplete
instanceKlass org/gradle/execution/plan/DefaultFinalizedExecutionPlan$ExecutionQueue
instanceKlass org/gradle/execution/plan/DefaultFinalizedExecutionPlan$1
instanceKlass org/gradle/execution/plan/DefaultFinalizedExecutionPlan
instanceKlass org/gradle/internal/build/BuildOperationFiringBuildWorkPreparer$PopulateWorkGraph$CalculateTaskGraphResult
instanceKlass org/gradle/internal/taskgraph/CalculateTaskGraphBuildOperationType$Result
instanceKlass org/gradle/execution/plan/ToPlannedTaskConverter$PlannedTaskIdentity
instanceKlass org/gradle/initialization/DefaultPlannedTask
instanceKlass org/gradle/internal/taskgraph/CalculateTaskGraphBuildOperationType$PlannedTask
instanceKlass org/gradle/internal/build/PlannedNodeGraph
instanceKlass org/gradle/internal/build/PlannedNodeGraph$IdentityProvider
instanceKlass org/gradle/internal/build/PlannedNodeGraph$DependencyTraverser
instanceKlass org/gradle/internal/build/PlannedNodeGraph$Collector
instanceKlass org/gradle/execution/plan/DetermineExecutionPlanAction$TaskClassifier
instanceKlass org/gradle/execution/plan/DetermineExecutionPlanAction$NodeInVisitingSegment
instanceKlass org/gradle/execution/plan/FinalizerGroup$DoNotBlock
instanceKlass org/gradle/execution/plan/FinalizerGroup$MemberSuccessors
instanceKlass org/gradle/execution/plan/DetermineExecutionPlanAction
instanceKlass com/android/build/gradle/internal/tasks/MergeNativeLibsTaskKt$getSubProjectNativeLibs$1
instanceKlass com/android/build/gradle/internal/tasks/MergeNativeLibsTaskKt$getExternalNativeLibs$1
instanceKlass com/android/build/gradle/internal/tasks/MergeNativeLibsTask$Companion$predicate$1
instanceKlass com/android/build/gradle/internal/tasks/MergeNativeLibsTask$Companion
instanceKlass com/android/build/gradle/internal/BuildToolsExecutableInput
instanceKlass com/android/build/gradle/tasks/ExtractDeepLinksTask$BaseCreationAction$configure$1$2
instanceKlass com/android/build/gradle/tasks/ExtractDeepLinksTask$BaseCreationAction$configure$1$1
instanceKlass com/android/build/gradle/tasks/CompatibleScreensManifest$CreationAction$configure$1
instanceKlass com/android/build/api/variant/impl/VariantApiExtensionsKt
instanceKlass com/android/manifmerger/ManifestMerger2$Invoker
instanceKlass com/android/build/gradle/tasks/ProcessApplicationManifest$Companion
instanceKlass com/android/build/gradle/internal/tasks/CheckAarMetadataTask$CreationAction$configure$2$1
instanceKlass com/android/build/gradle/internal/tasks/CheckAarMetadataTask$CreationAction$configure$1$1
instanceKlass com/android/build/gradle/internal/tasks/CheckAarMetadataTask$CreationAction$configure$2
instanceKlass com/android/build/gradle/internal/tasks/CheckAarMetadataTask$CreationAction$configure$1
instanceKlass com/android/build/gradle/internal/AndroidJarInput$getAndroidJar$1
instanceKlass com/android/build/gradle/internal/AndroidJarInput$sdkLoader$1
instanceKlass com/android/build/gradle/tasks/MapSourceSetPathsTask$CreateAction$configure$10
instanceKlass com/android/build/gradle/tasks/MapSourceSetPathsTask$CreateAction$configure$9
instanceKlass com/android/build/gradle/tasks/MapSourceSetPathsTask$CreateAction$configure$8$2
instanceKlass com/android/build/gradle/tasks/MapSourceSetPathsTask$CreateAction$configure$6
instanceKlass com/android/build/gradle/tasks/MapSourceSetPathsTask$CreateAction$configure$5
instanceKlass com/android/build/gradle/tasks/MapSourceSetPathsTask$CreateAction$configure$4
instanceKlass com/android/build/gradle/tasks/MapSourceSetPathsTask$CreateAction$configure$3
instanceKlass com/android/build/gradle/tasks/MapSourceSetPathsTask$CreateAction$configure$2
instanceKlass com/android/build/gradle/tasks/MapSourceSetPathsTask$CreateAction$configure$1
instanceKlass com/android/build/gradle/internal/tasks/DexArchiveBuilderTask$CreationAction$configure$1
instanceKlass com/android/build/gradle/internal/dexing/DexParameters
instanceKlass com/android/build/gradle/internal/tasks/DexArchiveBuilderTask$Companion
instanceKlass com/android/build/gradle/internal/tasks/DexParameterInputs
instanceKlass com/android/build/gradle/internal/tasks/DexArchiveBuilderTask$DexingOutputs
instanceKlass com/android/build/gradle/internal/dependency/VariantDependencies$Companion$getComponentFilter$6
instanceKlass com/android/build/gradle/internal/tasks/ProcessJavaResTaskKt$getProjectJavaRes$2$3
instanceKlass com/android/build/gradle/internal/tasks/ProcessJavaResTaskKt$getProjectJavaRes$2$2
instanceKlass com/android/build/gradle/internal/tasks/ProcessJavaResTaskKt$getProjectJavaRes$2$1
instanceKlass com/android/build/gradle/internal/tasks/ProcessJavaResTaskKt$getProjectJavaRes$1
instanceKlass com/android/build/gradle/internal/tasks/ProcessJavaResTaskKt
instanceKlass org/gradle/api/internal/lambdas/SerializableLambdas$SerializableTransformer
instanceKlass org/gradle/api/internal/file/copy/DefaultCopySpec$DefaultCopySpecAddress
instanceKlass org/gradle/api/internal/file/copy/DefaultCopySpec$DefaultCopySpecResolver
instanceKlass org/gradle/api/internal/file/copy/PathNotationConverter
instanceKlass org/gradle/api/file/FileCopyDetails
instanceKlass org/gradle/api/file/FileTreeElement
instanceKlass org/gradle/api/internal/file/copy/CopySpecInternal$CopySpecListener
instanceKlass org/gradle/api/internal/file/copy/CopySpecInternal$CopySpecVisitor
instanceKlass org/gradle/api/internal/file/copy/DefaultCopySpec
instanceKlass org/gradle/api/file/ConfigurableFilePermissions
instanceKlass org/gradle/api/file/FilePermissions
instanceKlass org/gradle/api/internal/file/copy/CopyActionExecuter
instanceKlass org/gradle/api/internal/file/copy/CopySpecInternal$CopySpecAddress
instanceKlass org/gradle/api/internal/file/copy/CopySpecResolver
instanceKlass org/gradle/api/internal/file/copy/DelegatingCopySpecInternal
instanceKlass com/android/build/gradle/internal/tasks/ValidateResourcesTask$Companion
instanceKlass com/android/build/api/component/impl/features/ManifestPlaceholdersCreationConfigImpl
instanceKlass com/android/build/gradle/internal/core/dsl/impl/features/ManifestPlaceholdersDslInfoImpl
instanceKlass com/android/build/gradle/internal/core/dsl/features/ManifestPlaceholdersDslInfo
instanceKlass com/android/build/gradle/tasks/MergeResources$CreationAction$configure$2
instanceKlass com/android/build/gradle/internal/DependencyResourcesComputer$ResourceSourceSetInput
instanceKlass com/android/build/gradle/tasks/MergeResources$CreationAction$configure$1
instanceKlass com/android/build/gradle/tasks/MergeResources$Companion
instanceKlass org/gradle/work/FileChange
instanceKlass com/android/ide/common/resources/DataMerger
instanceKlass com/android/ide/common/resources/SingleFileProcessor
instanceKlass com/android/ide/common/resources/ResourcePreprocessor
instanceKlass com/android/build/gradle/internal/DependencyResourcesComputer
instanceKlass com/android/build/gradle/internal/res/ParseLibraryResourcesTask$Companion
instanceKlass com/android/build/gradle/internal/tasks/factory/BootClasspathConfigImpl$androidJar$2$1$1
instanceKlass org/gradle/api/internal/artifacts/ivyservice/dependencysubstitution/DefaultArtifactSelectionDetails
instanceKlass org/gradle/api/internal/artifacts/ivyservice/dependencysubstitution/DefaultDependencySubstitutionApplicator$SubstitutionCacheKey
instanceKlass org/gradle/api/artifacts/DependencyArtifactSelector
instanceKlass com/android/build/api/variant/impl/FileBasedDirectoryEntryImpl$asFileTree$1$1
instanceKlass org/gradle/api/internal/provider/ValueSupplier$PlusProducer
instanceKlass org/gradle/api/internal/provider/OrElseValueProducer
instanceKlass com/google/errorprone/annotations/concurrent/LazyInit
instanceKlass org/jetbrains/kotlin/gradle/tasks/KotlinCompilerPluginData$InputsOutputsState
instanceKlass org/jetbrains/kotlin/gradle/tasks/AbstractKotlinCompile$friendPathsSet$1
instanceKlass org/gradle/api/internal/provider/AbstractCollectionProperty$FixedSupplier
instanceKlass org/gradle/api/internal/file/DefaultProjectLayout$1
instanceKlass com/android/build/gradle/internal/scope/BootClasspathBuilder$computeAdditionalAndRequestedOptionalLibraries$6
instanceKlass com/android/build/gradle/internal/scope/BootClasspathBuilder$computeAdditionalAndRequestedOptionalLibraries$5
instanceKlass com/android/build/gradle/internal/scope/BootClasspathBuilder$computeAdditionalAndRequestedOptionalLibraries$4
instanceKlass com/android/build/gradle/internal/scope/BootClasspathBuilder$computeAdditionalAndRequestedOptionalLibraries$3
instanceKlass com/android/build/gradle/internal/scope/BootClasspathBuilder$computeAdditionalAndRequestedOptionalLibraries$2
instanceKlass com/android/build/gradle/internal/scope/BootClasspathBuilder$computeAdditionalAndRequestedOptionalLibraries$1
instanceKlass com/android/build/gradle/internal/scope/BootClasspathBuilder$CacheKey
instanceKlass org/jetbrains/kotlin/gradle/utils/ProviderApiUtilsKt$mapOrNull$1$1
instanceKlass org/jetbrains/kotlin/gradle/plugin/mpp/KotlinCompilationsKt$sam$java_util_concurrent_Callable$0
instanceKlass org/jetbrains/kotlin/gradle/internal/Kapt3KotlinGradleSubpluginKt
instanceKlass com/android/build/gradle/tasks/KotlinCompileCreationAction$ensureConsistentJvmTargetWithJavaCompileTask$1
instanceKlass org/gradle/api/internal/tasks/DefaultTaskInputPropertyRegistration
instanceKlass org/gradle/api/internal/tasks/TaskInputPropertyRegistration
instanceKlass com/android/build/api/variant/impl/FlatSourceDirectoriesImpl$getAsFileTrees$1
instanceKlass com/android/build/gradle/tasks/KotlinCompileCreationActionKt
instanceKlass org/jetbrains/kotlin/gradle/tasks/configuration/BaseKotlinCompileConfig$1$1$3
instanceKlass org/jetbrains/kotlin/gradle/tasks/configuration/BaseKotlinCompileConfig$1$1$2
instanceKlass org/jetbrains/kotlin/gradle/tasks/configuration/BaseKotlinCompileConfig$1$1$1
instanceKlass org/jetbrains/kotlin/gradle/tasks/configuration/AbstractKotlinCompileConfig$getClasspathSnapshotDir$1
instanceKlass org/jetbrains/kotlin/gradle/tasks/configuration/BaseKotlinCompileConfig$1$1$classpathEntrySnapshotFiles$1
instanceKlass org/jetbrains/kotlin/gradle/plugin/PropertiesProvider$propertyWithValueReporting$1
instanceKlass org/jetbrains/kotlin/gradle/tasks/KotlinCompilerExecutionStrategy$Companion
instanceKlass org/jetbrains/kotlin/compilerRunner/KotlinCompilerArgumentsLogLevel$Companion
instanceKlass org/jetbrains/kotlin/gradle/plugin/PropertiesProvider$kotlinCompilerArgumentsLogLevel$1
instanceKlass org/jetbrains/kotlin/gradle/tasks/configuration/AbstractKotlinCompileConfig$1$2
instanceKlass org/jetbrains/kotlin/gradle/tasks/configuration/AbstractKotlinCompileConfig$1$1
instanceKlass org/jetbrains/kotlin/gradle/tasks/DefaultKotlinJavaToolchain$DefaultJavaToolchainSetter$useAsConvention$1
instanceKlass org/jetbrains/kotlin/gradle/tasks/UsesKotlinJavaToolchain$DefaultImpls
instanceKlass org/jetbrains/kotlin/gradle/tasks/KotlinJvmCompile$DefaultImpls
instanceKlass org/jetbrains/kotlin/gradle/dsl/KotlinJvmCompile$DefaultImpls
instanceKlass org/jetbrains/kotlin/gradle/tasks/KotlinCompile$androidLayoutResources$1
instanceKlass org/jetbrains/kotlin/gradle/tasks/KotlinCompile$javaSources$1
instanceKlass org/jetbrains/kotlin/gradle/tasks/KotlinCompile$ScriptFilterSpec
instanceKlass org/jetbrains/kotlin/gradle/tasks/KotlinCompile$scriptSources$1
instanceKlass org/jetbrains/kotlin/gradle/utils/ProviderApiUtilsKt$providerWithLazyConvention$1
instanceKlass org/jetbrains/kotlin/gradle/tasks/K2MultiplatformStructure$RefinesEdge
instanceKlass org/jetbrains/kotlin/gradle/tasks/K2MultiplatformStructure$Fragment
instanceKlass org/jetbrains/kotlin/gradle/tasks/internal/KotlinJvmOptionsCompat
instanceKlass org/jetbrains/kotlin/gradle/tasks/AbstractKotlinCompile$compilerRunner$1
instanceKlass org/jetbrains/kotlin/gradle/tasks/DefaultKotlinJavaToolchain$DefaultJavaToolchainSetter
instanceKlass org/jetbrains/kotlin/gradle/tasks/DefaultKotlinJavaToolchain$DefaultJdkSetter
instanceKlass org/jetbrains/kotlin/gradle/tasks/DefaultKotlinJavaToolchain$currentJvmJdkToolsJar$1
instanceKlass org/jetbrains/kotlin/gradle/tasks/DefaultKotlinJavaToolchain$getToolsJarFromJvm$1
instanceKlass org/jetbrains/kotlin/gradle/tasks/DefaultKotlinJavaToolchain$javaExecutable$1
instanceKlass org/jetbrains/kotlin/gradle/tasks/DefaultKotlinJavaToolchain$javaVersion$1
instanceKlass org/jetbrains/kotlin/gradle/tasks/KotlinJavaToolchain$JdkSetter
instanceKlass org/jetbrains/kotlin/gradle/tasks/KotlinJavaToolchain$JavaToolchainSetter
instanceKlass org/jetbrains/kotlin/gradle/tasks/GradleCompileTaskProviderKt
instanceKlass kotlin/collections/CharIterator
instanceKlass kotlin/ranges/CharRange$Companion
instanceKlass kotlin/ranges/CharProgression$Companion
instanceKlass kotlin/ranges/CharProgression
instanceKlass kotlin/ranges/OpenEndRange
instanceKlass kotlin/ranges/ClosedRange
instanceKlass org/jetbrains/kotlin/compilerRunner/GradleCompilerRunner$Companion
instanceKlass org/jetbrains/kotlin/gradle/tasks/CacheableTasksKt$cacheOnlyIfEnabledForKotlin$1
instanceKlass org/jetbrains/kotlin/gradle/tasks/CacheableTasksKt
instanceKlass org/jetbrains/kotlin/build/report/metrics/GcMetrics
instanceKlass org/jetbrains/kotlin/build/report/metrics/BuildAttribute$Companion
instanceKlass org/jetbrains/kotlin/build/report/metrics/BuildAttributeKind$Companion
instanceKlass org/jetbrains/kotlin/build/report/metrics/BuildAttributes$Companion
instanceKlass org/jetbrains/kotlin/build/report/metrics/BuildAttributes
instanceKlass org/jetbrains/kotlin/build/report/metrics/BuildPerformanceMetrics$Companion
instanceKlass org/jetbrains/kotlin/build/report/metrics/BuildPerformanceMetrics
instanceKlass org/jetbrains/kotlin/build/report/metrics/BuildTimes$Companion
instanceKlass org/jetbrains/kotlin/build/report/metrics/BuildTimes
instanceKlass org/jetbrains/kotlin/build/report/metrics/BuildMetricsReporterImpl
instanceKlass org/jetbrains/kotlin/gradle/internal/build/SourcesUtilsKt
instanceKlass org/jetbrains/kotlin/gradle/plugin/CompilerPluginConfig
instanceKlass org/jetbrains/kotlin/build/report/metrics/BuildMetricsReporter
instanceKlass org/jetbrains/kotlin/gradle/tasks/KotlinCompilerPluginData
instanceKlass org/jetbrains/kotlin/tooling/core/KotlinToolingVersion
instanceKlass org/jetbrains/kotlin/gradle/incremental/IncrementalModuleInfoProvider
instanceKlass org/jetbrains/kotlin/gradle/tasks/GradleCompileTaskProvider
instanceKlass org/jetbrains/kotlin/compilerRunner/GradleCompilerRunner
instanceKlass org/jetbrains/kotlin/daemon/common/MultiModuleICSettings
instanceKlass org/jetbrains/kotlin/buildtools/api/SourcesChanges
instanceKlass org/jetbrains/kotlin/gradle/plugin/KotlinCompilerArgumentsProducer$CreateCompilerArgumentsContext
instanceKlass org/jetbrains/kotlin/gradle/tasks/TaskOutputsBackup
instanceKlass org/jetbrains/kotlin/cli/common/arguments/Freezable
instanceKlass org/jetbrains/kotlin/incremental/ClasspathChanges
instanceKlass org/jetbrains/kotlin/gradle/tasks/KotlinCompile$ClasspathSnapshotProperties
instanceKlass org/jetbrains/kotlin/incremental/IncrementalCompilationFeatures
instanceKlass org/jetbrains/kotlin/gradle/tasks/K2MultiplatformStructure
instanceKlass org/gradle/api/internal/artifacts/ivyservice/ShortCircuitingResolutionExecutor$EmptyResults
instanceKlass com/android/build/gradle/internal/SdkDirectLoadingStrategy$DirectLoadComponents
instanceKlass com/android/ide/common/repository/AgpVersion$Companion$WhenMappings
instanceKlass kotlin/text/MatchResult$Destructured
instanceKlass kotlin/text/MatchResult$DefaultImpls
instanceKlass com/android/build/gradle/internal/EmulatorComponents$Companion$build$fileExists$1
instanceKlass com/android/build/gradle/internal/EmulatorComponents$Companion
instanceKlass com/android/build/gradle/internal/EmulatorComponents
instanceKlass com/android/sdklib/repository/targets/OptionalLibraryImpl
instanceKlass com/google/gson/internal/ConstructorConstructor$9
instanceKlass com/android/sdklib/repository/targets/PlatformTarget$Library
instanceKlass com/android/sdklib/repository/targets/PlatformTarget
instanceKlass com/android/sdklib/IAndroidTarget
instanceKlass com/sun/xml/bind/v2/runtime/unmarshaller/DefaultIDResolver$1
instanceKlass com/sun/xml/bind/DatatypeConverterImpl
instanceKlass javax/xml/bind/DatatypeConverterInterface
instanceKlass org/xml/sax/helpers/AttributesImpl
instanceKlass com/sun/org/apache/xerces/internal/impl/Constants$ArrayEnumeration
instanceKlass com/sun/org/apache/xerces/internal/impl/Constants
instanceKlass com/sun/org/apache/xerces/internal/parsers/AbstractSAXParser$LocatorProxy
instanceKlass org/xml/sax/ext/Locator2
instanceKlass com/sun/org/apache/xerces/internal/util/XMLSymbols
instanceKlass com/sun/org/apache/xerces/internal/util/XMLChar
instanceKlass com/sun/xml/internal/stream/Entity
instanceKlass com/sun/xml/internal/stream/util/BufferAllocator
instanceKlass com/sun/xml/internal/stream/util/ThreadLocalBufferAllocator
instanceKlass com/sun/org/apache/xerces/internal/impl/XMLEntityManager$EncodingInfo
instanceKlass com/sun/org/apache/xerces/internal/utils/XMLLimitAnalyzer
instanceKlass com/sun/org/apache/xerces/internal/xni/parser/XMLInputSource
instanceKlass com/sun/org/apache/xerces/internal/util/ErrorHandlerWrapper
instanceKlass com/sun/org/apache/xerces/internal/xni/parser/XMLErrorHandler
instanceKlass com/sun/org/apache/xerces/internal/impl/ExternalSubsetResolver
instanceKlass com/sun/org/apache/xerces/internal/util/EntityResolverWrapper
instanceKlass org/xml/sax/ext/EntityResolver2
instanceKlass com/sun/xml/bind/v2/runtime/unmarshaller/TagName
instanceKlass com/sun/xml/bind/v2/runtime/unmarshaller/SAXConnector
instanceKlass com/sun/org/apache/xerces/internal/parsers/AbstractSAXParser$AttributesProxy
instanceKlass org/xml/sax/ext/Attributes2
instanceKlass org/xml/sax/AttributeList
instanceKlass com/sun/org/apache/xerces/internal/util/FeatureState
instanceKlass com/sun/org/apache/xerces/internal/util/PropertyState
instanceKlass com/sun/org/apache/xerces/internal/impl/msg/XMLMessageFormatter
instanceKlass com/sun/org/apache/xerces/internal/util/MessageFormatter
instanceKlass com/sun/org/apache/xerces/internal/impl/XMLVersionDetector
instanceKlass com/sun/org/apache/xerces/internal/impl/validation/ValidationManager
instanceKlass com/sun/org/apache/xerces/internal/impl/dv/dtd/NMTOKENDatatypeValidator
instanceKlass com/sun/org/apache/xerces/internal/impl/dv/dtd/NOTATIONDatatypeValidator
instanceKlass com/sun/org/apache/xerces/internal/impl/dv/dtd/ENTITYDatatypeValidator
instanceKlass com/sun/org/apache/xerces/internal/impl/dv/dtd/ListDatatypeValidator
instanceKlass com/sun/org/apache/xerces/internal/impl/dv/dtd/IDREFDatatypeValidator
instanceKlass com/sun/org/apache/xerces/internal/impl/dv/dtd/IDDatatypeValidator
instanceKlass com/sun/org/apache/xerces/internal/impl/dv/dtd/StringDatatypeValidator
instanceKlass com/sun/org/apache/xerces/internal/impl/dv/DatatypeValidator
instanceKlass com/sun/org/apache/xerces/internal/impl/dv/DTDDVFactory
instanceKlass com/sun/org/apache/xerces/internal/impl/dtd/DTDGrammarBucket
instanceKlass com/sun/org/apache/xerces/internal/impl/dtd/XMLAttributeDecl
instanceKlass com/sun/org/apache/xerces/internal/impl/dtd/XMLSimpleType
instanceKlass com/sun/org/apache/xerces/internal/impl/dtd/XMLElementDecl
instanceKlass com/sun/org/apache/xerces/internal/impl/validation/ValidationState
instanceKlass com/sun/org/apache/xerces/internal/impl/dv/ValidationContext
instanceKlass com/sun/org/apache/xerces/internal/impl/dtd/XMLDTDValidator
instanceKlass com/sun/org/apache/xerces/internal/impl/RevalidationHandler
instanceKlass com/sun/org/apache/xerces/internal/impl/dtd/XMLDTDValidatorFilter
instanceKlass com/sun/org/apache/xerces/internal/xni/parser/XMLDocumentFilter
instanceKlass com/sun/org/apache/xerces/internal/impl/dtd/XMLEntityDecl
instanceKlass com/sun/org/apache/xerces/internal/impl/dtd/XMLDTDProcessor
instanceKlass com/sun/org/apache/xerces/internal/xni/parser/XMLDTDContentModelFilter
instanceKlass com/sun/org/apache/xerces/internal/xni/parser/XMLDTDFilter
instanceKlass com/sun/org/apache/xerces/internal/xni/parser/XMLDTDScanner
instanceKlass com/sun/org/apache/xerces/internal/xni/parser/XMLDTDContentModelSource
instanceKlass com/sun/org/apache/xerces/internal/xni/parser/XMLDTDSource
instanceKlass com/sun/org/apache/xerces/internal/xni/grammars/XMLDTDDescription
instanceKlass com/sun/org/apache/xerces/internal/xni/grammars/XMLGrammarDescription
instanceKlass com/sun/org/apache/xerces/internal/impl/XMLDocumentScannerImpl$TrailingMiscDriver
instanceKlass com/sun/org/apache/xerces/internal/impl/XMLDocumentScannerImpl$PrologDriver
instanceKlass com/sun/org/apache/xerces/internal/impl/XMLDocumentScannerImpl$XMLDeclDriver
instanceKlass com/sun/org/apache/xerces/internal/util/NamespaceSupport
instanceKlass com/sun/org/apache/xerces/internal/xni/NamespaceContext
instanceKlass com/sun/org/apache/xerces/internal/util/XMLAttributesImpl$Attribute
instanceKlass com/sun/org/apache/xerces/internal/util/XMLAttributesImpl
instanceKlass com/sun/org/apache/xerces/internal/xni/XMLAttributes
instanceKlass com/sun/org/apache/xerces/internal/impl/XMLDocumentFragmentScannerImpl$FragmentContentDriver
instanceKlass com/sun/org/apache/xerces/internal/impl/XMLDocumentFragmentScannerImpl$Driver
instanceKlass com/sun/org/apache/xerces/internal/impl/XMLDocumentFragmentScannerImpl$ElementStack2
instanceKlass com/sun/org/apache/xerces/internal/xni/QName
instanceKlass com/sun/org/apache/xerces/internal/impl/XMLDocumentFragmentScannerImpl$ElementStack
instanceKlass com/sun/org/apache/xerces/internal/xni/XMLString
instanceKlass com/sun/org/apache/xerces/internal/impl/XMLScanner
instanceKlass com/sun/xml/internal/stream/XMLBufferListener
instanceKlass com/sun/org/apache/xerces/internal/impl/XMLEntityHandler
instanceKlass com/sun/org/apache/xerces/internal/xni/parser/XMLDocumentScanner
instanceKlass com/sun/org/apache/xerces/internal/xni/parser/XMLDocumentSource
instanceKlass com/sun/org/apache/xerces/internal/impl/XMLErrorReporter
instanceKlass com/sun/org/apache/xerces/internal/impl/XMLEntityScanner
instanceKlass com/sun/org/apache/xerces/internal/xni/XMLLocator
instanceKlass com/sun/xml/internal/stream/XMLEntityStorage
instanceKlass com/sun/org/apache/xerces/internal/util/AugmentationsImpl$AugmentationsItemsContainer
instanceKlass com/sun/org/apache/xerces/internal/util/AugmentationsImpl
instanceKlass com/sun/org/apache/xerces/internal/xni/Augmentations
instanceKlass com/sun/org/apache/xerces/internal/util/XMLResourceIdentifierImpl
instanceKlass com/sun/org/apache/xerces/internal/xni/XMLResourceIdentifier
instanceKlass com/sun/org/apache/xerces/internal/impl/XMLEntityManager
instanceKlass com/sun/org/apache/xerces/internal/xni/parser/XMLEntityResolver
instanceKlass com/sun/org/apache/xerces/internal/xni/parser/XMLComponent
instanceKlass com/sun/org/apache/xerces/internal/util/SymbolTable$Entry
instanceKlass com/sun/org/apache/xerces/internal/util/SymbolTable
instanceKlass jdk/xml/internal/JdkConstants
instanceKlass jdk/xml/internal/JdkXmlUtils
instanceKlass com/sun/org/apache/xerces/internal/util/ParserConfigurationSettings
instanceKlass com/sun/org/apache/xerces/internal/parsers/XML11Configurable
instanceKlass com/sun/org/apache/xerces/internal/xni/parser/XMLPullParserConfiguration
instanceKlass com/sun/org/apache/xerces/internal/xni/parser/XMLParserConfiguration
instanceKlass com/sun/org/apache/xerces/internal/xni/parser/XMLComponentManager
instanceKlass com/sun/org/apache/xerces/internal/parsers/XMLParser
instanceKlass com/sun/org/apache/xerces/internal/xni/XMLDTDContentModelHandler
instanceKlass com/sun/org/apache/xerces/internal/xni/XMLDTDHandler
instanceKlass com/sun/org/apache/xerces/internal/xni/XMLDocumentHandler
instanceKlass org/xml/sax/Parser
instanceKlass javax/xml/parsers/SAXParser
instanceKlass com/sun/org/apache/xerces/internal/xs/PSVIProvider
instanceKlass com/sun/org/apache/xerces/internal/jaxp/JAXPConstants
instanceKlass javax/xml/parsers/SAXParserFactory
instanceKlass org/xml/sax/helpers/XMLFilterImpl
instanceKlass org/xml/sax/InputSource
instanceKlass javax/xml/transform/sax/SAXSource
instanceKlass com/sun/xml/bind/v2/runtime/unmarshaller/UnmarshallingContext$State
instanceKlass com/sun/xml/bind/v2/runtime/unmarshaller/Scope
instanceKlass javax/xml/bind/ValidationEventLocator
instanceKlass com/sun/xml/bind/v2/runtime/unmarshaller/LocatorExWrapper
instanceKlass org/xml/sax/helpers/LocatorImpl
instanceKlass com/sun/xml/bind/v2/runtime/Coordinator
instanceKlass com/sun/xml/bind/v2/runtime/unmarshaller/XmlVisitor$TextPredictor
instanceKlass javax/xml/bind/helpers/DefaultValidationEventHandler
instanceKlass org/xml/sax/helpers/DefaultHandler
instanceKlass org/xml/sax/DTDHandler
instanceKlass org/xml/sax/EntityResolver
instanceKlass javax/xml/bind/UnmarshallerHandler
instanceKlass org/xml/sax/ContentHandler
instanceKlass com/sun/xml/bind/v2/runtime/unmarshaller/XmlVisitor
instanceKlass com/sun/xml/bind/IDResolver
instanceKlass javax/xml/bind/helpers/AbstractUnmarshallerImpl
instanceKlass javax/xml/bind/ValidationEventHandler
instanceKlass com/sun/xml/bind/v2/runtime/NameList
instanceKlass com/sun/xml/bind/v2/runtime/property/ArrayERProperty$ReceiverImpl
instanceKlass com/sun/xml/bind/v2/runtime/unmarshaller/ChildLoader
instanceKlass com/sun/xml/bind/v2/runtime/unmarshaller/StructureLoader$1
instanceKlass com/sun/xml/bind/v2/runtime/property/UnmarshallerChain
instanceKlass com/sun/xml/bind/v2/runtime/ElementBeanInfoImpl$1
instanceKlass javax/xml/bind/JAXBElement$GlobalScope
instanceKlass com/sun/xml/bind/v2/runtime/Utils$1
instanceKlass com/sun/xml/bind/v2/runtime/Utils
instanceKlass com/sun/xml/bind/v2/runtime/unmarshaller/Intercepter
instanceKlass javax/xml/bind/annotation/W3CDomHandler
instanceKlass javax/xml/bind/annotation/DomHandler
instanceKlass com/sun/xml/bind/v2/runtime/unmarshaller/Patcher
instanceKlass com/sun/xml/bind/v2/runtime/unmarshaller/LocatorEx
instanceKlass com/sun/xml/bind/v2/ClassFactory
instanceKlass com/sun/xml/bind/v2/runtime/reflect/Lister$2
instanceKlass com/sun/xml/bind/v2/runtime/reflect/ListIterator
instanceKlass com/sun/xml/bind/v2/runtime/reflect/Lister
instanceKlass com/sun/xml/bind/v2/runtime/property/Utils$1
instanceKlass com/sun/xml/bind/v2/runtime/property/Utils
instanceKlass com/sun/xml/bind/v2/runtime/reflect/TransducedAccessor
instanceKlass com/sun/xml/bind/v2/runtime/Name
instanceKlass com/sun/xml/bind/v2/runtime/property/TagAndType
instanceKlass com/sun/xml/bind/v2/runtime/property/PropertyFactory$1
instanceKlass com/sun/xml/bind/v2/runtime/property/PropertyFactory
instanceKlass com/sun/xml/bind/v2/runtime/JaxBeanInfo$1
instanceKlass com/sun/xml/bind/v2/runtime/LifecycleMethods
instanceKlass com/sun/xml/bind/v2/runtime/property/PropertyImpl
instanceKlass com/sun/xml/bind/v2/runtime/property/Property
instanceKlass com/sun/xml/bind/v2/runtime/property/StructureLoaderBuilder
instanceKlass com/sun/xml/bind/v2/runtime/unmarshaller/Loader
instanceKlass com/sun/xml/bind/v2/runtime/FilterTransducer
instanceKlass com/sun/xml/bind/v2/util/FlattenIterator
instanceKlass com/android/sdklib/repository/meta/DetailsTypes$MavenType
instanceKlass java/lang/Package$1PackageInfoProxy
instanceKlass com/sun/xml/bind/api/impl/NameUtil
instanceKlass com/sun/xml/bind/api/impl/NameConverter
instanceKlass com/android/repository/impl/meta/Archive$PatchesType
instanceKlass com/android/repository/impl/meta/Archive$HostConfig
instanceKlass com/sun/xml/bind/v2/model/impl/GetterSetterPropertySeed
instanceKlass com/android/repository/api/RepositorySource
instanceKlass javax/xml/bind/annotation/XmlSchemaType$DEFAULT
instanceKlass com/sun/xml/bind/v2/model/nav/ParameterizedTypeImpl
instanceKlass com/sun/xml/bind/v2/model/nav/ReflectionNavigator$BinderArg
instanceKlass com/sun/xml/bind/v2/model/impl/ElementInfoImpl$PropertyImpl
instanceKlass javax/xml/bind/annotation/XmlElementDecl$GLOBAL
instanceKlass com/sun/xml/bind/v2/runtime/reflect/Utils$1
instanceKlass com/sun/xml/bind/v2/runtime/reflect/Utils
instanceKlass com/sun/xml/bind/v2/model/core/Adapter
instanceKlass javax/xml/bind/annotation/adapters/XmlAdapter
instanceKlass javax/xml/bind/annotation/adapters/XmlJavaTypeAdapter$DEFAULT
instanceKlass com/sun/xml/bind/v2/model/nav/ReflectionNavigator$10
instanceKlass com/sun/xml/bind/v2/model/impl/AttributePropertyInfoImpl$1
instanceKlass com/sun/xml/bind/v2/model/impl/PropertyInfoImpl$1
instanceKlass com/sun/xml/bind/v2/TODO
instanceKlass com/sun/xml/bind/annotation/XmlLocation
instanceKlass javax/xml/bind/annotation/XmlSchemaTypes
instanceKlass javax/xml/bind/annotation/adapters/XmlJavaTypeAdapters
instanceKlass com/sun/xml/bind/v2/model/impl/Util
instanceKlass com/sun/xml/bind/v2/model/runtime/RuntimeTypeRef
instanceKlass com/sun/xml/bind/v2/model/impl/TypeRefImpl
instanceKlass com/sun/xml/bind/v2/model/core/TypeRef
instanceKlass com/sun/xml/bind/v2/model/impl/ClassInfoImpl$1
instanceKlass com/sun/xml/bind/v2/model/impl/FieldPropertySeed
instanceKlass com/sun/xml/bind/v2/model/impl/RuntimeClassInfoImpl$RuntimePropertySeed
instanceKlass java/lang/Short$ShortCache
instanceKlass javax/xml/bind/annotation/XmlElement$DEFAULT
instanceKlass com/sun/xml/bind/v2/model/nav/ReflectionNavigator$3
instanceKlass com/sun/xml/bind/AccessorFactoryImpl
instanceKlass com/sun/xml/bind/InternalAccessorFactory
instanceKlass javax/xml/bind/annotation/XmlAccessorOrder
instanceKlass com/sun/xml/bind/annotation/OverrideAnnotationOf
instanceKlass javax/xml/bind/annotation/XmlMixed
instanceKlass javax/xml/bind/annotation/XmlAnyElement
instanceKlass javax/xml/bind/annotation/XmlElements
instanceKlass javax/xml/bind/annotation/XmlAnyAttribute
instanceKlass javax/xml/bind/annotation/XmlList
instanceKlass javax/xml/bind/annotation/XmlElementWrapper
instanceKlass javax/xml/bind/annotation/XmlAttachmentRef
instanceKlass javax/xml/bind/annotation/XmlMimeType
instanceKlass javax/xml/bind/annotation/XmlInlineBinaryData
instanceKlass javax/xml/bind/annotation/XmlIDREF
instanceKlass javax/xml/bind/annotation/XmlID
instanceKlass javax/xml/bind/annotation/adapters/XmlJavaTypeAdapter
instanceKlass com/sun/xml/bind/AccessorFactory
instanceKlass com/sun/xml/bind/v2/model/runtime/RuntimeReferencePropertyInfo
instanceKlass com/sun/xml/bind/v2/model/runtime/RuntimeElementPropertyInfo
instanceKlass com/sun/xml/bind/v2/model/core/ElementPropertyInfo
instanceKlass com/sun/xml/bind/v2/model/runtime/RuntimeValuePropertyInfo
instanceKlass com/sun/xml/bind/v2/model/core/ValuePropertyInfo
instanceKlass com/sun/xml/bind/v2/model/runtime/RuntimeAttributePropertyInfo
instanceKlass com/sun/xml/bind/v2/model/core/AttributePropertyInfo
instanceKlass com/sun/xml/bind/v2/runtime/reflect/Accessor
instanceKlass com/sun/xml/bind/v2/runtime/unmarshaller/Receiver
instanceKlass com/sun/xml/bind/v2/model/runtime/RuntimeNonElementRef
instanceKlass com/sun/xml/bind/v2/model/core/NonElementRef
instanceKlass com/sun/xml/bind/v2/model/runtime/RuntimeMapPropertyInfo
instanceKlass com/sun/xml/bind/v2/model/runtime/RuntimePropertyInfo
instanceKlass com/sun/xml/bind/v2/model/core/MapPropertyInfo
instanceKlass com/sun/xml/bind/v2/model/impl/DummyPropertyInfo
instanceKlass com/sun/xml/bind/v2/model/core/ReferencePropertyInfo
instanceKlass com/sun/xml/bind/v2/model/impl/PropertyInfoImpl
instanceKlass com/sun/xml/bind/v2/model/core/PropertyInfo
instanceKlass com/sun/xml/bind/v2/model/impl/PropertySeed
instanceKlass com/sun/xml/bind/v2/model/annotation/AnnotationSource
instanceKlass javax/xml/bind/annotation/XmlType$DEFAULT
instanceKlass javax/xml/bind/annotation/XmlAccessorType
instanceKlass javax/xml/bind/annotation/XmlSeeAlso
instanceKlass com/sun/xml/bind/v2/model/annotation/ClassLocatable
instanceKlass com/sun/xml/bind/v2/model/annotation/MethodLocatable
instanceKlass com/android/repository/impl/meta/TypeDetails
instanceKlass javax/xml/bind/JAXBElement
instanceKlass com/sun/xml/bind/v2/model/nav/ReflectionNavigator$5
instanceKlass com/sun/xml/bind/v2/model/nav/ReflectionNavigator$4
instanceKlass com/sun/xml/bind/v2/model/impl/RegistryInfoImpl
instanceKlass com/sun/xml/bind/v2/model/annotation/SecureLoader
instanceKlass javax/xml/bind/annotation/XmlValue
instanceKlass javax/xml/bind/annotation/XmlType
instanceKlass javax/xml/bind/annotation/XmlTransient
instanceKlass javax/xml/bind/annotation/XmlSchemaType
instanceKlass javax/xml/bind/annotation/XmlRootElement
instanceKlass javax/xml/bind/annotation/XmlEnum
instanceKlass javax/xml/bind/annotation/XmlElementRefs
instanceKlass javax/xml/bind/annotation/XmlElementRef
instanceKlass javax/xml/bind/annotation/XmlElementDecl
instanceKlass javax/xml/bind/annotation/XmlElement
instanceKlass javax/xml/bind/annotation/XmlAttribute
instanceKlass com/sun/xml/bind/v2/model/annotation/Quick
instanceKlass com/sun/xml/bind/v2/model/annotation/Init
instanceKlass com/sun/xml/bind/v2/model/annotation/LocatableAnnotation
instanceKlass javax/xml/bind/annotation/XmlRegistry
instanceKlass com/sun/xml/bind/v2/model/core/Ref
instanceKlass com/sun/xml/bind/api/CompositeStructure
instanceKlass com/sun/xml/bind/v2/runtime/IllegalAnnotationsException$Builder
instanceKlass com/sun/xml/bind/v2/runtime/RuntimeUtil
instanceKlass com/sun/xml/bind/v2/model/impl/AnyTypeImpl
instanceKlass com/sun/xml/bind/v2/model/impl/TypeInfoSetImpl$1
instanceKlass com/sun/xml/bind/v2/model/impl/RuntimeBuiltinLeafInfoImpl$28
instanceKlass javax/xml/datatype/Duration
instanceKlass javax/xml/namespace/NamespaceContext
instanceKlass javax/xml/datatype/XMLGregorianCalendar
instanceKlass javax/xml/transform/Result
instanceKlass javax/activation/DataHandler
instanceKlass java/awt/datatransfer/Transferable
instanceKlass javax/activation/DataSource
instanceKlass java/awt/Graphics
instanceKlass java/awt/Component
instanceKlass java/awt/MenuContainer
instanceKlass java/awt/image/ImageObserver
instanceKlass java/awt/Transparency
instanceKlass java/awt/image/WritableRenderedImage
instanceKlass java/awt/Image
instanceKlass com/sun/xml/bind/v2/runtime/output/Pcdata
instanceKlass javax/xml/bind/ValidationEvent
instanceKlass java/awt/image/RenderedImage
instanceKlass javax/xml/datatype/DatatypeConstants$Field
instanceKlass javax/xml/datatype/DatatypeConstants
instanceKlass com/sun/xml/bind/v2/model/impl/RuntimeBuiltinLeafInfoImpl$1
instanceKlass com/sun/xml/bind/v2/model/impl/LeafInfoImpl
instanceKlass com/sun/xml/bind/v2/model/runtime/RuntimeBuiltinLeafInfo
instanceKlass com/sun/xml/bind/v2/model/core/BuiltinLeafInfo
instanceKlass com/sun/xml/bind/v2/model/impl/ModelBuilder$1
instanceKlass com/sun/xml/bind/v2/model/impl/Utils$1
instanceKlass com/sun/xml/bind/v2/model/nav/TypeVisitor
instanceKlass com/sun/xml/bind/v2/model/nav/ReflectionNavigator
instanceKlass com/sun/xml/bind/v2/model/nav/Navigator
instanceKlass com/sun/xml/bind/v2/model/impl/Utils
instanceKlass com/sun/xml/bind/WhiteSpaceProcessor
instanceKlass com/sun/xml/bind/v2/model/runtime/RuntimeEnumLeafInfo
instanceKlass com/sun/xml/bind/v2/model/core/EnumLeafInfo
instanceKlass com/sun/xml/bind/v2/runtime/Transducer
instanceKlass com/sun/xml/bind/v2/model/runtime/RuntimeTypeInfoSet
instanceKlass com/sun/xml/bind/v2/model/impl/TypeInfoSetImpl
instanceKlass com/sun/xml/bind/v2/model/runtime/RuntimeArrayInfo
instanceKlass com/sun/xml/bind/v2/runtime/Location
instanceKlass com/sun/xml/bind/v2/model/core/ArrayInfo
instanceKlass com/sun/xml/bind/v2/model/runtime/RuntimeElementInfo
instanceKlass com/sun/xml/bind/v2/model/core/ElementInfo
instanceKlass com/sun/xml/bind/v2/model/runtime/RuntimeElement
instanceKlass com/sun/xml/bind/v2/model/runtime/RuntimeClassInfo
instanceKlass com/sun/xml/bind/v2/model/impl/TypeInfoImpl
instanceKlass com/sun/xml/bind/v2/model/core/Element
instanceKlass com/sun/xml/bind/v2/model/core/ClassInfo
instanceKlass com/sun/xml/bind/v2/model/core/RegistryInfo
instanceKlass com/sun/xml/bind/v2/model/impl/ModelBuilder
instanceKlass com/sun/xml/bind/v2/model/impl/ModelBuilderI
instanceKlass com/sun/xml/bind/v2/runtime/NameBuilder
instanceKlass com/sun/istack/Pool$Impl
instanceKlass com/sun/xml/bind/v2/util/QNameMap$Entry
instanceKlass com/sun/xml/bind/v2/util/QNameMap
instanceKlass com/sun/xml/bind/v2/runtime/JAXBContextImpl$6
instanceKlass com/sun/xml/bind/v2/model/core/ErrorHandler
instanceKlass com/sun/xml/bind/api/ErrorListener
instanceKlass javax/xml/bind/Binder
instanceKlass com/sun/xml/bind/unmarshaller/InfosetScanner
instanceKlass javax/xml/bind/Marshaller
instanceKlass javax/xml/bind/Unmarshaller
instanceKlass com/sun/xml/bind/v2/model/core/TypeInfoSet
instanceKlass com/sun/xml/bind/api/RawAccessor
instanceKlass com/sun/xml/bind/api/BridgeContext
instanceKlass javax/xml/bind/JAXBIntrospector
instanceKlass com/sun/xml/bind/v2/runtime/AttributeAccessor
instanceKlass com/sun/xml/bind/v2/runtime/JaxBeanInfo
instanceKlass com/sun/xml/bind/api/Bridge
instanceKlass com/sun/xml/bind/v2/model/runtime/RuntimeLeafInfo
instanceKlass com/sun/xml/bind/v2/model/runtime/RuntimeNonElement
instanceKlass com/sun/xml/bind/v2/model/runtime/RuntimeTypeInfo
instanceKlass com/sun/xml/bind/v2/model/core/LeafInfo
instanceKlass com/sun/xml/bind/v2/model/core/MaybeElement
instanceKlass com/sun/xml/bind/v2/model/core/NonElement
instanceKlass com/sun/xml/bind/v2/model/core/TypeInfo
instanceKlass com/sun/xml/bind/v2/model/annotation/Locatable
instanceKlass com/sun/istack/Pool
instanceKlass com/sun/xml/bind/v2/model/annotation/AbstractInlineAnnotationReaderImpl
instanceKlass com/sun/xml/bind/v2/runtime/JAXBContextImpl$JAXBContextBuilder
instanceKlass com/sun/xml/bind/v2/util/TypeCast
instanceKlass com/sun/xml/bind/Util
instanceKlass com/sun/xml/bind/v2/model/annotation/RuntimeAnnotationReader
instanceKlass com/sun/xml/bind/v2/model/annotation/AnnotationReader
instanceKlass com/sun/xml/bind/v2/ContextFactory
instanceKlass javax/xml/bind/ServiceLoaderUtil
instanceKlass javax/xml/bind/JAXBContextFactory
instanceKlass javax/xml/bind/ModuleUtil
instanceKlass javax/xml/bind/GetPropertyAction
instanceKlass javax/xml/bind/ServiceLoaderUtil$ExceptionHandler
instanceKlass javax/xml/bind/ContextFinder
instanceKlass javax/xml/bind/JAXBContext
instanceKlass org/xml/sax/XMLFilter
instanceKlass org/xml/sax/XMLReader
instanceKlass org/w3c/dom/ls/LSResourceResolver
instanceKlass javax/xml/transform/Source
instanceKlass com/android/repository/impl/meta/SchemaModuleUtil
instanceKlass com/android/repository/impl/generated/generic/v2/package-info
instanceKlass com/android/repository/impl/generated/generic/v1/package-info
instanceKlass com/android/repository/impl/meta/TypeDetails$GenericType
instanceKlass com/android/repository/impl/meta/GenericFactory
instanceKlass com/android/repository/impl/generated/v2/package-info
instanceKlass com/android/repository/api/Checksum
instanceKlass com/android/repository/impl/generated/v1/package-info
instanceKlass com/android/repository/api/RemotePackage
instanceKlass com/android/repository/api/Dependency
instanceKlass com/android/repository/impl/meta/RepoPackageImpl$UsesLicense
instanceKlass com/android/repository/impl/meta/RepoPackageImpl$Dependencies
instanceKlass com/android/repository/api/Repository
instanceKlass com/android/repository/impl/meta/RemotePackageImpl$ChannelRef
instanceKlass com/android/repository/impl/meta/RevisionType
instanceKlass com/android/repository/api/Channel
instanceKlass com/android/repository/impl/meta/RepoPackageImpl
instanceKlass com/android/repository/api/LocalPackage
instanceKlass com/android/repository/api/RepoPackage
instanceKlass com/android/repository/impl/meta/Archive
instanceKlass com/android/repository/api/License
instanceKlass com/android/repository/impl/meta/RepoPackageImpl$Archives
instanceKlass com/android/repository/impl/meta/Archive$ArchiveFile
instanceKlass com/android/repository/impl/meta/CommonFactory
instanceKlass com/android/repository/api/RepoManager$Companion
instanceKlass com/android/repository/api/RepoManager
instanceKlass com/android/sdklib/util/CacheByCanonicalPath
instanceKlass com/android/sdklib/repository/AndroidSdkHandler$DefaultInstanceProvider
instanceKlass com/android/sdklib/repository/AndroidSdkHandler$InstanceProvider
instanceKlass com/android/sdklib/repository/generated/common/v3/package-info
instanceKlass com/android/sdklib/repository/generated/common/v2/package-info
instanceKlass com/android/sdklib/repository/generated/common/v1/package-info
instanceKlass com/android/sdklib/repository/IdDisplay
instanceKlass com/android/sdklib/repository/meta/Library
instanceKlass com/android/sdklib/OptionalLibrary
instanceKlass com/android/sdklib/repository/meta/SdkCommonFactory
instanceKlass com/android/sdklib/repository/generated/sysimg/v4/package-info
instanceKlass com/android/sdklib/repository/generated/sysimg/v3/package-info
instanceKlass com/android/sdklib/repository/generated/sysimg/v2/package-info
instanceKlass com/android/sdklib/repository/generated/sysimg/v1/package-info
instanceKlass com/android/sdklib/repository/meta/DetailsTypes$SysImgDetailsType
instanceKlass com/android/sdklib/repository/meta/SysImgFactory
instanceKlass com/android/sdklib/repository/generated/repository/v3/package-info
instanceKlass com/android/sdklib/repository/generated/repository/v2/package-info
instanceKlass com/android/sdklib/repository/generated/repository/v1/package-info
instanceKlass com/android/sdklib/repository/meta/DetailsTypes$PlatformDetailsType$LayoutlibType
instanceKlass com/android/sdklib/repository/meta/DetailsTypes$SourceDetailsType
instanceKlass com/android/sdklib/repository/meta/DetailsTypes$PlatformDetailsType
instanceKlass com/android/sdklib/repository/meta/RepoFactory
instanceKlass com/android/sdklib/repository/generated/addon/v3/package-info
instanceKlass com/android/sdklib/repository/generated/addon/v2/package-info
instanceKlass javax/xml/bind/annotation/XmlNs
instanceKlass com/android/sdklib/repository/generated/addon/v1/package-info
instanceKlass javax/xml/bind/annotation/XmlSchema
instanceKlass com/android/repository/api/SchemaModule$SchemaModuleVersion
instanceKlass javax/xml/namespace/QName
instanceKlass com/android/sdklib/repository/meta/DetailsTypes$AddonDetailsType
instanceKlass com/android/sdklib/repository/meta/DetailsTypes$ApiDetailsType
instanceKlass com/android/repository/impl/meta/PackageDisplayNameQualifier
instanceKlass com/android/sdklib/repository/meta/DetailsTypes$ExtraDetailsType
instanceKlass com/android/sdklib/repository/meta/DetailsTypes$AddonDetailsType$Libraries
instanceKlass com/android/sdklib/repository/meta/AddonFactory
instanceKlass com/android/repository/api/SchemaModule
instanceKlass com/android/sdklib/repository/AndroidSdkHandler$Companion
instanceKlass com/android/sdklib/repository/AndroidSdkHandler
instanceKlass com/android/repository/api/ProgressIndicatorAdapter
instanceKlass com/android/build/gradle/internal/utils/ConsoleProgressIndicatorFactory$isTerminalSmart$2$1
instanceKlass com/android/build/gradle/internal/utils/ConsoleProgressIndicatorFactory$IsTerminalSmartValueSource
instanceKlass com/android/build/gradle/internal/PlatformComponents$Companion
instanceKlass com/android/build/gradle/internal/PlatformComponents
instanceKlass java/util/EnumMap$EntryIterator$Entry
instanceKlass java/util/EnumMap$EnumMapIterator
instanceKlass com/android/sdklib/BuildToolInfo
instanceKlass com/android/sdklib/repository/meta/DetailsTypes
instanceKlass com/android/build/gradle/internal/SdkParsingUtilsKt
instanceKlass com/android/build/gradle/internal/SupportToolsComponents$Companion$build$fileExists$1
instanceKlass com/android/build/gradle/internal/SupportToolsComponents$Companion
instanceKlass com/android/build/gradle/internal/SupportToolsComponents
instanceKlass com/android/build/gradle/internal/FileExistsValueSource$Params$Inject_
instanceKlass com/android/build/gradle/internal/FileExistsValueSource$Params_Decorated
instanceKlass com/android/build/gradle/internal/FileExistsValueSource$Params
instanceKlass com/android/build/gradle/internal/PlatformToolsComponents$Companion$build$fileExists$1
instanceKlass com/android/build/gradle/internal/FileExistsValueSource
instanceKlass com/android/build/gradle/internal/PlatformToolsComponents$Companion
instanceKlass com/android/build/gradle/internal/PlatformToolsComponents
instanceKlass com/android/build/gradle/internal/SdkLocation
instanceKlass com/android/build/gradle/internal/SdkLocator$ValidationResult
instanceKlass com/android/build/gradle/internal/SdkLocator
instanceKlass com/android/build/gradle/internal/SdkLoadingStrategy
instanceKlass com/android/build/gradle/internal/SdkDirectLoadingStrategy$Companion
instanceKlass com/android/build/gradle/internal/SdkDirectLoadingStrategy
instanceKlass com/android/build/gradle/internal/SdkFullLoadingStrategy
instanceKlass com/android/build/gradle/internal/SdkComponentsBuildService$VersionedSdkLoader$sdkLoadStrategy$2$1$1
instanceKlass com/android/build/gradle/internal/SdkComponentsBuildService$VersionedSdkLoader$coreForSystemModulesProvider$1
instanceKlass com/android/build/gradle/internal/SdkComponentsBuildService$VersionedSdkLoader$emulatorDirectoryProvider$1
instanceKlass com/android/build/gradle/internal/SdkComponentsBuildService$VersionedSdkLoader$apiVersionsFile$1
instanceKlass com/android/build/gradle/internal/SdkComponentsBuildService$VersionedSdkLoader$aidlFrameworkProvider$1
instanceKlass com/android/build/gradle/internal/SdkComponentsBuildService$VersionedSdkLoader$aidlExecutableProvider$1
instanceKlass com/android/build/gradle/internal/SdkComponentsBuildService$VersionedSdkLoader$optionalLibrariesProvider$1
instanceKlass com/android/build/gradle/internal/SdkComponentsBuildService$VersionedSdkLoader$coreLambdaStubsProvider$1
instanceKlass com/android/build/gradle/internal/SdkComponentsBuildService$VersionedSdkLoader$adbHelper$1
instanceKlass com/android/build/gradle/internal/SdkComponentsBuildService$VersionedSdkLoader$additionalLibrariesProvider$1
instanceKlass com/android/build/gradle/internal/SdkComponentsBuildService$VersionedSdkLoader$annotationsJarProvider$1
instanceKlass com/android/build/gradle/internal/SdkComponentsBuildService$VersionedSdkLoader$androidJarProvider$1
instanceKlass com/android/build/gradle/internal/SdkComponentsBuildService$VersionedSdkLoader$sdkDirectoryProvider$1
instanceKlass com/android/build/gradle/internal/SdkComponentsBuildService$VersionedSdkLoader$renderScriptSupportJarProvider$1
instanceKlass com/android/build/gradle/internal/SdkComponentsBuildService$VersionedSdkLoader$adbExecutableProvider$1
instanceKlass com/android/build/gradle/internal/SdkComponentsBuildService$VersionedSdkLoader$buildToolInfoProvider$1
instanceKlass com/android/build/gradle/internal/SdkComponentsBuildService$VersionedSdkLoader$buildToolsRevisionProvider$1
instanceKlass com/android/build/gradle/internal/SdkComponentsBuildService$VersionedSdkLoader$targetAndroidVersionProvider$1
instanceKlass com/android/build/gradle/internal/SdkComponentsBuildService$VersionedSdkLoader$targetBootClasspathProvider$1
instanceKlass com/android/build/gradle/internal/SdkComponentsBuildService$VersionedSdkLoader$sdkSetupCorrectly$1
instanceKlass com/android/sdklib/repository/legacy/remote/internal/DownloadCache
instanceKlass com/android/repository/io/FileOpUtils
instanceKlass com/android/sdklib/repository/legacy/FileOp
instanceKlass com/android/sdklib/repository/legacy/LegacyDownloader
instanceKlass com/android/repository/impl/downloader/LocalFileAwareDownloader
instanceKlass com/android/repository/api/Downloader
instanceKlass com/android/build/gradle/internal/SdkLibDataFactory$getSettingsController$1
instanceKlass com/android/repository/api/SettingsController
instanceKlass java/net/Proxy
instanceKlass com/android/build/gradle/internal/SdkLibDataFactory
instanceKlass com/android/builder/sdk/SdkLibData
instanceKlass com/android/build/gradle/internal/utils/ConsoleProgressIndicatorFactory
instanceKlass com/android/build/gradle/internal/errors/SyncIssueReporterImpl$GlobalSyncIssueService$Parameters$Inject_
instanceKlass com/android/build/gradle/internal/SystemPropertiesFactory
instanceKlass com/android/build/gradle/internal/EnvironmentVariablesPropertiesFactory
instanceKlass com/android/build/gradle/internal/GradleLocalPropertiesFactory$get$propertiesContent$1
instanceKlass com/android/build/gradle/internal/GradleLocalPropertiesFactory
instanceKlass com/android/repository/api/ProgressIndicator
instanceKlass com/android/build/gradle/internal/services/VersionedSdkLoaderService$sam$java_util_concurrent_Callable$0
instanceKlass org/gradle/internal/component/local/model/LocalComponentGraphResolveStateFactory$ConfigurationsProviderVariantFactory
instanceKlass org/gradle/api/internal/provider/BuildableBackedProvider$1
instanceKlass org/gradle/execution/plan/edges/ComplexDependentNodesSet
instanceKlass com/android/build/gradle/internal/tasks/AppMetadataTask$Companion
instanceKlass com/android/build/gradle/internal/dependency/VariantDependencies$Companion$getComponentFilter$5
instanceKlass com/android/build/gradle/internal/tasks/DexMergingTask$SharedParams$MainDexListConfig
instanceKlass com/android/build/gradle/internal/tasks/DexMergingTask$SharedParams
instanceKlass com/android/build/gradle/internal/tasks/MergeJavaResourceTaskKt
instanceKlass com/android/build/api/artifact/impl/InternalScopedArtifacts
instanceKlass com/android/build/gradle/internal/tasks/MergeJavaResourceTask$Companion$predicate$1
instanceKlass com/android/build/gradle/internal/tasks/OptionalCollectionWithProvenance
instanceKlass com/android/build/gradle/internal/tasks/MergeJavaResourceTask$Companion
instanceKlass org/gradle/internal/work/DefaultConditionalExecutionQueue
instanceKlass org/gradle/workers/internal/DefaultWorkResult
instanceKlass org/gradle/workers/internal/IsolatedParametersActionExecutionSpec
instanceKlass org/gradle/workers/WorkerSpec
instanceKlass org/gradle/workers/WorkQueue
instanceKlass org/gradle/internal/work/AsyncWorkCompletion
instanceKlass org/gradle/internal/work/ConditionalExecution
instanceKlass org/gradle/workers/internal/WorkerRequirement
instanceKlass org/gradle/workers/internal/DefaultWorkerExecutor
instanceKlass org/gradle/workers/internal/DefaultWorkerServer
instanceKlass org/gradle/workers/WorkParameters$None
instanceKlass org/gradle/workers/WorkParameters
instanceKlass org/gradle/workers/WorkAction
instanceKlass org/gradle/workers/internal/Worker
instanceKlass org/gradle/workers/internal/NoIsolationWorkerFactory
instanceKlass org/gradle/internal/work/ConditionalExecutionQueue
instanceKlass org/gradle/internal/work/DefaultConditionalExecutionQueueFactory
instanceKlass org/gradle/workers/internal/ClassLoaderStructure
instanceKlass com/android/build/gradle/internal/SdkComponentsKt
instanceKlass com/android/build/gradle/internal/res/LinkApplicationAndroidResourcesTask$BaseCreationAction$configure$1
instanceKlass com/android/build/gradle/internal/res/LinkApplicationAndroidResourcesTask$Companion
instanceKlass com/android/build/gradle/internal/AndroidJarInput
instanceKlass com/android/build/gradle/internal/UsesSdkComponentsBuildService
instanceKlass com/android/build/gradle/internal/tasks/ValidateSigningTask$CreationAction$configure$2
instanceKlass com/android/build/gradle/internal/tasks/factory/GlobalTaskCreationConfigImpl$platformAttrs$2$1
instanceKlass com/android/build/gradle/internal/tasks/factory/BootClasspathConfigImpl$androidJar$2$1
instanceKlass com/android/build/gradle/internal/tasks/factory/GlobalTaskCreationConfigImpl$platformAttrs$2$attributes$1
instanceKlass com/android/build/gradle/tasks/JavaCompileKt$recordAnnotationProcessors$1
instanceKlass com/android/build/gradle/tasks/JavaCompileKt
instanceKlass org/gradle/api/internal/tasks/AbstractTaskFilePropertyRegistration
instanceKlass org/gradle/internal/properties/StaticValue
instanceKlass com/android/build/gradle/tasks/JavaCompileOptionsForRoom
instanceKlass com/android/build/api/variant/impl/FlatSourceDirectoriesImpl$getAsFileTreesForOldVariantAPI$1
instanceKlass com/android/build/gradle/tasks/CommandLineArgumentProviderAdapter
instanceKlass org/gradle/api/internal/AbstractTask$13
instanceKlass com/android/build/gradle/tasks/JavaCompileUtils$checkDeprecatedSourceAndTargetAtExecutionTime$1
instanceKlass com/android/build/api/component/impl/features/AndroidResourcesCreationConfigImpl$WhenMappings
instanceKlass com/android/build/gradle/internal/variant/BaseVariantData$getGeneratedBytecode$1
instanceKlass com/android/build/api/component/impl/ComponentUtils
instanceKlass com/android/build/gradle/tasks/JdkImageInput$jrtFsJar$1
instanceKlass com/android/build/gradle/tasks/JdkImageInput$generatedModuleFile$1
instanceKlass org/gradle/api/internal/file/AbstractFileCollection$FileCollectionElementsFactory
instanceKlass com/android/build/gradle/tasks/JdkImageInput
instanceKlass com/android/build/gradle/internal/dependency/JdkImageTransformKt$getJdkImageFromTransform$1$1
instanceKlass com/android/build/gradle/internal/dependency/JdkImageTransformKt$getJdkImageFromTransform$1
instanceKlass com/android/build/gradle/internal/dependency/JdkImageTransform$Parameters_Decorated
instanceKlass com/android/build/gradle/internal/dependency/JdkImageTransform$Parameters
instanceKlass com/android/build/gradle/internal/dependency/JdkImageTransformKt$registerJdkImageTransform$1
instanceKlass com/android/build/gradle/internal/dependency/JdkImageTransform
instanceKlass com/android/build/gradle/internal/dependency/JdkImageTransformKt
instanceKlass org/gradle/jvm/toolchain/internal/DefaultJavaToolchainUsageProgressDetails$1
instanceKlass org/gradle/jvm/toolchain/internal/operations/JavaToolchainUsageProgressDetails$JavaToolchain
instanceKlass org/gradle/jvm/toolchain/internal/DefaultJavaToolchainUsageProgressDetails
instanceKlass org/gradle/jvm/toolchain/internal/operations/JavaToolchainUsageProgressDetails
instanceKlass org/gradle/jvm/toolchain/internal/DefaultToolchainJavaCompiler
instanceKlass org/gradle/jvm/toolchain/internal/JavaToolchainInput
instanceKlass org/gradle/internal/evaluation/ScopedEvaluation
instanceKlass org/gradle/jvm/toolchain/internal/JavaToolchainQueryService$ToolchainLookupKey
instanceKlass org/gradle/api/internal/tasks/compile/JavaCompileExecutableUtils
instanceKlass com/android/sdklib/SdkVersionInfo
instanceKlass com/android/sdklib/AndroidTargetHash
instanceKlass org/gradle/api/plugins/internal/JvmPluginsHelper
instanceKlass org/gradle/api/internal/lambdas/SerializableLambdas$SerializableSpec
instanceKlass org/gradle/api/internal/tasks/compile/CompilerForkUtils
instanceKlass org/gradle/api/tasks/compile/BaseForkOptions
instanceKlass org/gradle/api/tasks/compile/DebugOptions
instanceKlass org/gradle/internal/instrumentation/api/annotations/ReplacesEagerProperty$DefaultValue
instanceKlass org/gradle/internal/instrumentation/api/annotations/ReplacedDeprecation
instanceKlass org/gradle/internal/instrumentation/api/annotations/ReplacedAccessor
instanceKlass org/gradle/api/internal/tasks/compile/incremental/recomp/AbstractRecompilationSpecProvider
instanceKlass org/gradle/api/internal/tasks/compile/CleaningJavaCompiler
instanceKlass org/gradle/api/tasks/compile/CompileOptions
instanceKlass org/gradle/api/internal/tasks/compile/DefaultJvmLanguageCompileSpec
instanceKlass org/gradle/api/internal/tasks/compile/JavaCompileSpec
instanceKlass org/gradle/api/internal/tasks/compile/JvmLanguageCompileSpec
instanceKlass org/gradle/language/base/internal/compile/CompileSpec
instanceKlass org/gradle/api/internal/tasks/compile/incremental/recomp/RecompilationSpecProvider
instanceKlass com/android/build/api/variant/impl/LayeredSourceDirectoriesImpl$getAscendingOrderAssetSets$1
instanceKlass com/android/ide/common/resources/DataSet
instanceKlass com/android/ide/common/resources/DataMap
instanceKlass com/android/ide/common/resources/SourceSet
instanceKlass com/android/ide/common/resources/FileValidity
instanceKlass com/android/build/gradle/internal/signing/SigningConfigData$Companion
instanceKlass com/android/build/gradle/internal/signing/SigningConfigProviderParams
instanceKlass com/android/build/gradle/internal/signing/SigningConfigData
instanceKlass com/android/build/api/variant/impl/FilterConfigurationImpl
instanceKlass org/gradle/internal/properties/bean/DefaultPropertyWalker$ImplementationPropertyValue
instanceKlass org/gradle/internal/scripts/ScriptOriginUtil
instanceKlass org/gradle/internal/properties/annotations/NestedValidationUtil
instanceKlass com/android/build/api/variant/impl/BuiltArtifactImpl
instanceKlass com/android/ide/common/build/CommonBuiltArtifact
instanceKlass com/android/build/api/variant/BuiltArtifact
instanceKlass com/android/build/api/variant/impl/VariantOutputImpl$SerializedForm
instanceKlass org/gradle/execution/plan/NodeSets$LazySortedReferenceHashSet$1
instanceKlass it/unimi/dsi/fastutil/objects/ObjectIterators$EmptyIterator
instanceKlass it/unimi/dsi/fastutil/objects/ObjectList
instanceKlass it/unimi/dsi/fastutil/objects/ObjectIterators
instanceKlass org/gradle/execution/plan/edges/DependencyPredecessorsOnlyNodeSet
instanceKlass org/gradle/execution/plan/edges/DependencySuccessorsOnlyNodeSet
instanceKlass org/gradle/api/internal/AbstractTask$20
instanceKlass org/gradle/api/internal/AbstractTask$TaskActionWrapper
instanceKlass org/gradle/api/internal/AbstractTask$14
instanceKlass com/android/build/api/artifact/impl/InAndOutDirectoryOperationRequestImpl$Companion$initializeInput$1$1
instanceKlass com/android/build/gradle/tasks/PackageAndroidArtifactKt$getPageSize$2
instanceKlass com/android/build/gradle/tasks/PackageAndroidArtifactKt
instanceKlass com/android/build/gradle/internal/signing/SigningConfigDataProvider$Companion
instanceKlass com/android/build/gradle/tasks/PackageAndroidArtifact$CreationAction$configure$2
instanceKlass com/android/build/api/variant/impl/MultiOutputHandlerImplBase
instanceKlass com/android/build/api/variant/MultiOutputHandler$Companion
instanceKlass com/android/build/gradle/tasks/PackageAndroidArtifact$CreationAction$configure$1
instanceKlass org/gradle/api/internal/project/taskfactory/DefaultTaskClassInfoStore$IncrementalTaskActionFactory
instanceKlass com/android/build/api/variant/MultiOutputHandler
instanceKlass com/android/build/api/variant/impl/BuiltArtifactsImpl
instanceKlass com/android/build/api/variant/BuiltArtifacts
instanceKlass com/android/ide/common/build/CommonBuiltArtifacts
instanceKlass com/android/build/gradle/internal/signing/SigningConfigDataProvider
instanceKlass org/gradle/api/internal/provider/ValueSupplier$TaskProducer
instanceKlass com/android/build/gradle/internal/scope/ArtifactTypeUtil
instanceKlass com/android/build/gradle/internal/tasks/MergeNativeDebugMetadataTask$Companion$WhenMappings
instanceKlass com/android/build/gradle/internal/tasks/VariantTask$ConfigureAction
instanceKlass com/android/build/gradle/internal/tasks/UsesAnalytics$ConfigureAction
instanceKlass com/android/build/gradle/internal/tasks/BaseTask$ConfigureAction
instanceKlass com/android/build/gradle/internal/tasks/BuildAnalyzer
instanceKlass com/android/build/gradle/internal/tasks/MergeNativeDebugMetadataTask$Companion
instanceKlass org/gradle/internal/reflect/validation/TypeValidationContext$1
instanceKlass org/gradle/api/internal/tasks/TaskPropertyUtils
instanceKlass org/gradle/api/internal/tasks/DefaultTaskInputs$1
instanceKlass org/gradle/execution/plan/ResolveMutationsNode$2
instanceKlass org/gradle/api/internal/tasks/execution/ResolveTaskMutationsBuildOperationType$Result
instanceKlass org/gradle/execution/plan/NodeSets
instanceKlass org/gradle/execution/plan/ConsumerState
instanceKlass org/gradle/execution/plan/MutationInfo
instanceKlass org/gradle/execution/plan/edges/DependentNodesSet$1
instanceKlass org/gradle/execution/plan/edges/DependentNodesSet
instanceKlass org/gradle/execution/plan/edges/DependencyNodesSet$1
instanceKlass org/gradle/execution/plan/edges/DependencyNodesSet
instanceKlass org/gradle/execution/plan/TaskNodeFactory$DefaultTypeOriginInspectorFactory$ProjectScopedTypeOriginInspector
instanceKlass org/gradle/execution/plan/NodeGroup
instanceKlass org/gradle/execution/plan/NodeComparator
instanceKlass org/gradle/api/internal/AbstractTask$12
instanceKlass org/gradle/api/internal/tasks/DefaultTaskContainer$TaskCreatingProvider$1
instanceKlass org/gradle/execution/TaskNameResolver$1
instanceKlass org/gradle/execution/selection/DefaultBuildTaskSelector$ProjectResolutionResult
instanceKlass org/gradle/internal/build/DefaultBuildLifecycleController$DefaultWorkGraphBuilder
instanceKlass org/gradle/internal/build/BuildOperationFiringBuildWorkPreparer$PopulateWorkGraph$1
instanceKlass org/gradle/internal/taskgraph/CalculateTaskGraphBuildOperationType$Details
instanceKlass org/gradle/internal/build/BuildOperationFiringBuildWorkPreparer$PopulateWorkGraph
instanceKlass org/gradle/internal/build/DefaultBuildLifecycleController$DefaultBuildWorkPlan
instanceKlass org/gradle/execution/plan/OrdinalNodeAccess
instanceKlass org/gradle/execution/plan/DefaultExecutionPlan
instanceKlass org/gradle/internal/build/DefaultBuildWorkGraphController$DefaultBuildWorkGraph
instanceKlass org/gradle/composite/internal/DefaultBuildController
instanceKlass org/gradle/internal/build/BuildLifecycleController$WorkGraphBuilder
instanceKlass org/gradle/composite/internal/TaskIdentifier
instanceKlass org/gradle/composite/internal/DefaultIncludedBuildTaskGraph$DefaultBuildTreeWorkGraphBuilder
instanceKlass org/gradle/composite/internal/DefaultIncludedBuildTaskGraph$DefaultBuildTreeWorkGraph$1$2
instanceKlass org/gradle/internal/taskgraph/CalculateTreeTaskGraphBuildOperationType$Details
instanceKlass org/gradle/composite/internal/DefaultIncludedBuildTaskGraph$DefaultBuildTreeWorkGraph$1
instanceKlass org/gradle/internal/buildtree/BuildTreeWorkGraph$Builder
instanceKlass org/gradle/initialization/ProjectsEvaluatedNotifier$NotifyProjectsEvaluatedListeners$1
instanceKlass org/gradle/initialization/NotifyProjectsEvaluatedBuildOperationType$Details
instanceKlass org/gradle/initialization/ProjectsEvaluatedNotifier$NotifyProjectsEvaluatedListeners
instanceKlass org/gradle/initialization/ProjectsEvaluatedNotifier$1
instanceKlass org/gradle/initialization/NotifyProjectsEvaluatedBuildOperationType$Result
instanceKlass org/gradle/initialization/ProjectsEvaluatedNotifier
instanceKlass org/gradle/configuration/internal/ExecuteListenerBuildOperationType$1
instanceKlass org/gradle/configuration/internal/ExecuteListenerBuildOperationType$Result
instanceKlass org/gradle/configuration/internal/ExecuteListenerBuildOperationType
instanceKlass com/android/build/api/variant/impl/ArtifactMetadataProcessor$Companion$handleFinalizedByForType$1$1$1
instanceKlass com/android/build/api/variant/impl/ArtifactMetadataProcessor$Companion
instanceKlass com/android/build/api/variant/impl/ArtifactMetadataProcessor
instanceKlass org/gradle/api/attributes/VerificationType$Impl
instanceKlass org/gradle/api/internal/artifacts/dsl/LazyPublishArtifact
instanceKlass org/gradle/api/internal/artifacts/publish/AbstractPublishArtifact
instanceKlass org/gradle/api/internal/artifacts/PublishArtifactInternal
instanceKlass org/gradle/api/internal/artifacts/ProjectBackedModule
instanceKlass com/android/build/gradle/internal/scope/ArtifactPublishingUtil$publishArtifactToConfiguration$1$1$1
instanceKlass com/android/build/gradle/internal/scope/ArtifactPublishingUtil$publishArtifactToConfiguration$1$1
instanceKlass com/android/build/gradle/internal/dependency/AndroidAttributes$toAttributeMapString$$inlined$sortedBy$2
instanceKlass com/android/build/gradle/internal/dependency/AndroidAttributes$toAttributeMapString$$inlined$sortedBy$1
instanceKlass com/android/build/gradle/internal/scope/ArtifactPublishingUtil$publishArtifactToConfiguration$1
instanceKlass com/android/build/gradle/internal/scope/BuildArtifactSpec$Companion
instanceKlass com/android/build/gradle/internal/scope/BuildArtifactSpec
instanceKlass com/android/build/gradle/internal/publishing/VariantPublishingSpecImpl
instanceKlass com/android/build/gradle/internal/publishing/PublishingSpecs$VariantSpec
instanceKlass com/android/build/gradle/internal/publishing/PublishingSpecsKt
instanceKlass com/android/build/gradle/internal/publishing/OutputSpecImpl
instanceKlass com/android/build/gradle/internal/publishing/PublishingSpecs$OutputSpec
instanceKlass com/android/build/gradle/internal/publishing/VariantSpecBuilderImpl
instanceKlass com/android/build/gradle/internal/publishing/PublishingSpecs$VariantSpecBuilder
instanceKlass com/android/build/gradle/internal/publishing/PublishingSpecs$Companion
instanceKlass com/android/build/gradle/internal/publishing/PublishingSpecs
instanceKlass com/android/build/gradle/internal/scope/ArtifactPublishingUtil
instanceKlass com/android/build/gradle/internal/VariantTaskManager$createAnchorAssembleTasks$4
instanceKlass com/android/build/gradle/internal/VariantTaskManager$createAnchorAssembleTasks$3
instanceKlass com/android/build/gradle/internal/utils/KgpUtils$configureKotlinCompileTasks$1
instanceKlass com/android/build/gradle/internal/VariantTaskManager$addBindingDependenciesIfNecessary$dataBindingEnabled$1
instanceKlass com/android/build/gradle/internal/VariantTaskManager$addBindingDependenciesIfNecessary$viewBindingEnabled$1
instanceKlass org/gradle/model/Managed
instanceKlass com/android/build/gradle/internal/ide/FilterDataImpl
instanceKlass com/android/build/gradle/internal/scope/GradleAwareFilterData
instanceKlass com/android/build/FilterData
instanceKlass com/android/build/api/variant/FilterConfiguration
instanceKlass com/android/build/api/component/impl/OldVariantApiLegacySupportImpl$getVariantOutputs$1
instanceKlass com/android/build/gradle/internal/api/BaseVariantOutputImpl
instanceKlass com/android/build/gradle/api/ApkVariantOutput
instanceKlass com/android/build/gradle/internal/dsl/VariantOutputFactory
instanceKlass com/android/build/gradle/internal/api/BaseVariantImpl
instanceKlass com/android/build/gradle/internal/ApiObjectFactory
instanceKlass com/android/build/gradle/internal/dependency/RecalculateStackFramesTransform$Companion$registerRecalculateStackFramesTransform$1$2
instanceKlass com/android/build/gradle/internal/dependency/RecalculateStackFramesTransform$Companion$registerRecalculateStackFramesTransform$1$1
instanceKlass com/android/build/gradle/internal/dependency/RecalculateStackFramesTransform$Parameters_Decorated
instanceKlass com/android/build/gradle/internal/dependency/RecalculateStackFramesTransform$Parameters
instanceKlass com/android/build/gradle/internal/dependency/RecalculateStackFramesTransform$Companion$registerRecalculateStackFramesTransform$1
instanceKlass com/android/build/gradle/internal/dependency/AgpVersionCompatibilityRule
instanceKlass com/android/build/gradle/internal/dependency/ModelArtifactCompatibilityRule$Companion
instanceKlass com/android/build/gradle/internal/dependency/ModelArtifactCompatibilityRule
instanceKlass com/android/build/gradle/internal/dependency/DexingOutputSplitTransformKt$registerTransformWithOutputType$1$WhenMappings
instanceKlass com/android/build/gradle/internal/dependency/DexingOutputSplitTransformKt$registerTransformWithOutputType$1$1
instanceKlass com/android/build/gradle/internal/dependency/DexingOutputSplitTransform$Parameters_Decorated
instanceKlass com/android/build/gradle/internal/dependency/DexingOutputSplitTransform$Parameters
instanceKlass com/android/build/gradle/internal/dependency/DexingOutputSplitTransformKt$registerTransformWithOutputType$1
instanceKlass com/android/build/gradle/internal/dependency/DexingOutputSplitTransform
instanceKlass com/android/build/gradle/internal/dependency/DexingOutputSplitTransformKt
instanceKlass com/android/build/gradle/internal/dependency/EnumerateClassesTransform
instanceKlass com/android/build/gradle/internal/DependencyConfigurator$configureVariantTransforms$3$2$1
instanceKlass com/android/build/gradle/internal/DependencyConfigurator$configureVariantTransforms$3$2
instanceKlass com/android/build/gradle/internal/DependencyConfigurator$configureVariantTransforms$3$1$1
instanceKlass com/android/build/gradle/internal/utils/D8BackportedMethodsGenerator$Parameters_Decorated
instanceKlass com/android/build/gradle/internal/utils/D8BackportedMethodsGenerator$Parameters
instanceKlass com/android/build/gradle/internal/DependencyConfigurator$configureVariantTransforms$3$1
instanceKlass com/android/build/gradle/internal/utils/D8BackportedMethodsGenerator
instanceKlass com/android/builder/files/SerializableFileChanges
instanceKlass com/android/build/gradle/internal/dependency/DesugarGraph
instanceKlass com/android/builder/dexing/DependencyGraphUpdater
instanceKlass com/android/build/gradle/internal/dependency/BaseDexingTransform$Parameters_Decorated
instanceKlass com/android/build/gradle/internal/dependency/BaseDexingTransform$Parameters
instanceKlass com/android/build/gradle/internal/dependency/DexingRegistration$registerTransform$1
instanceKlass com/android/build/gradle/internal/dependency/BaseDexingTransform
instanceKlass com/android/build/gradle/internal/dependency/DexingRegistration$ComponentSpecificParameters$Companion
instanceKlass com/android/build/gradle/internal/dependency/DexingRegistration$ComponentSpecificParameters
instanceKlass com/android/build/gradle/internal/dependency/DexingRegistration$ComponentAgnosticParameters
instanceKlass com/android/build/gradle/internal/utils/DesugarLibUtils$getDesugarLibConfigFromTransform$1$1
instanceKlass com/android/build/gradle/internal/utils/DesugarLibUtils$getDesugarLibConfigFromTransform$1
instanceKlass com/android/build/gradle/internal/utils/DesugarLibUtils$registerDesugarLibConfigExtractorTransformIfAbsent$1
instanceKlass com/android/build/gradle/internal/utils/DesugarLibConfigExtractor
instanceKlass com/android/build/gradle/internal/utils/DesugarLibUtils
instanceKlass com/android/build/gradle/internal/dependency/DexingRegistration
instanceKlass com/android/build/gradle/internal/scope/BootClasspathBuilder$computeClasspath$1
instanceKlass com/android/build/gradle/internal/tasks/factory/BootClasspathConfigImpl$sam$org_gradle_api_Transformer$0
instanceKlass com/android/build/gradle/internal/scope/BootClasspathBuilder
instanceKlass com/android/build/gradle/internal/dependency/RecalculateStackFramesTransform$Companion
instanceKlass com/android/build/gradle/internal/dependency/RecalculateStackFramesTransform
instanceKlass com/android/build/gradle/internal/dependency/AsmClassesTransform$Companion
instanceKlass com/android/build/gradle/internal/dependency/AsmClassesTransform
instanceKlass com/android/build/gradle/internal/dependency/ExtractNavigationXmlTransform
instanceKlass com/android/build/gradle/internal/dependency/CollectClassesTransform
instanceKlass com/android/build/gradle/internal/dependency/CollectResourceSymbolsTransform
instanceKlass com/android/build/gradle/internal/dependency/ClassesDirToClassesTransform
instanceKlass com/android/build/gradle/internal/DependencyConfigurator$configureGeneralTransforms$10
instanceKlass com/android/build/gradle/internal/dependency/ExtractJniTransform
instanceKlass com/android/build/gradle/internal/dependency/IdentityTransform$Parameters_Decorated
instanceKlass com/android/build/gradle/internal/dependency/IdentityTransform$Parameters
instanceKlass com/android/build/gradle/internal/dependency/IdentityTransform
instanceKlass com/android/build/gradle/internal/dependency/LibrarySymbolTableTransform
instanceKlass com/android/build/gradle/internal/dependency/ExtractProGuardRulesTransform$Companion
instanceKlass com/android/build/gradle/internal/dependency/ExtractProGuardRulesTransform$Parameters_Decorated
instanceKlass com/android/build/gradle/internal/dependency/ExtractProGuardRulesTransform$Parameters
instanceKlass com/android/build/gradle/internal/dependency/ExtractProGuardRulesTransform
instanceKlass com/android/build/gradle/internal/DependencyConfigurator$configureGeneralTransforms$8$1
instanceKlass com/android/build/gradle/internal/DependencyConfigurator$configureGeneralTransforms$8
instanceKlass com/android/build/gradle/internal/dependency/AarToClassTransform$Companion
instanceKlass com/android/build/gradle/internal/DependencyConfigurator$configureGeneralTransforms$7$1
instanceKlass com/android/build/gradle/internal/dependency/AarToClassTransform$Params_Decorated
instanceKlass com/android/build/gradle/internal/dependency/AarToClassTransform$Params
instanceKlass com/android/build/gradle/internal/DependencyConfigurator$configureGeneralTransforms$7
instanceKlass com/android/build/gradle/internal/dependency/AarToClassTransform
instanceKlass com/android/build/gradle/internal/services/Aapt2Input_Decorated
instanceKlass com/android/build/gradle/internal/dependency/AarResourcesCompilerTransform$Parameters_Decorated
instanceKlass com/android/build/gradle/internal/services/Aapt2Input
instanceKlass com/android/build/gradle/internal/services/UsesAapt2ThreadPoolBuildService
instanceKlass com/android/build/gradle/internal/services/UsesAapt2DaemonBuildService
instanceKlass com/android/build/gradle/internal/dependency/AarResourcesCompilerTransform$Parameters
instanceKlass com/android/build/gradle/internal/dependency/AarResourcesCompilerTransform
instanceKlass com/android/build/gradle/internal/dependency/AarTransform$Parameters_Decorated
instanceKlass com/android/build/gradle/internal/dependency/AarTransform$Parameters
instanceKlass com/android/build/gradle/internal/DependencyConfigurator$configureGeneralTransforms$5
instanceKlass com/android/build/gradle/internal/dependency/AarTransform$Companion
instanceKlass com/android/build/gradle/internal/dependency/AarTransform
instanceKlass com/android/build/gradle/internal/dependency/PlatformAttrTransform
instanceKlass com/android/build/gradle/internal/DependencyConfigurator$configureGeneralTransforms$4
instanceKlass com/android/build/gradle/internal/dependency/MockableJarTransform$Parameters_Decorated
instanceKlass com/android/build/gradle/internal/dependency/MockableJarTransform$Parameters
instanceKlass com/android/build/gradle/internal/DependencyConfigurator$configureGeneralTransforms$3
instanceKlass com/android/build/gradle/internal/dependency/MockableJarTransform
instanceKlass com/android/build/gradle/internal/dependency/ExtractAarTransform
instanceKlass com/android/build/gradle/internal/dependency/JetifyTransform$Companion
instanceKlass com/android/build/gradle/internal/utils/HasConfigurableValuesKt
instanceKlass com/android/build/gradle/internal/dependency/JetifyTransform$Parameters_Decorated
instanceKlass com/android/build/gradle/internal/dependency/JetifyTransform$Parameters
instanceKlass com/android/build/gradle/internal/DependencyConfigurator$registerTransform$1
instanceKlass com/android/build/gradle/internal/dependency/JetifyTransform
instanceKlass com/android/build/gradle/internal/publishing/AarOrJarTypeToConsume
instanceKlass com/android/build/gradle/internal/publishing/ProcessedArtifactUtils
instanceKlass com/android/build/gradle/internal/dependency/AndroidXDependencySubstitution$replaceOldSupportLibraries$1$1
instanceKlass com/android/build/gradle/internal/dependency/AndroidXDependencySubstitution$replaceOldSupportLibraries$1
instanceKlass com/android/tools/build/jetifier/processor/com/android/tools/build/jetifier/processor/transform/java/JavaTransformer
instanceKlass com/android/tools/build/jetifier/processor/transform/proguard/ProGuardClassFilterParser$Companion
instanceKlass com/android/tools/build/jetifier/processor/transform/proguard/ProGuardClassFilterParser
instanceKlass com/android/tools/build/jetifier/processor/transform/proguard/patterns/PatternHelper
instanceKlass com/android/tools/build/jetifier/processor/transform/proguard/ProGuardClassSpecParser$Companion
instanceKlass com/android/tools/build/jetifier/processor/transform/proguard/ProGuardClassSpecParser
instanceKlass com/android/tools/build/jetifier/processor/transform/proguard/patterns/GroupsReplacer
instanceKlass com/android/tools/build/jetifier/processor/transform/proguard/patterns/ReplacersRunner
instanceKlass com/android/tools/build/jetifier/processor/transform/proguard/ProGuardTypesMapper$Companion
instanceKlass com/android/tools/build/jetifier/processor/transform/proguard/ProGuardTypesMapper
instanceKlass com/android/tools/build/jetifier/processor/transform/proguard/ProGuardTransformer
instanceKlass com/android/tools/build/jetifier/processor/transform/resource/XmlResourcesTransformer$Companion
instanceKlass com/android/tools/build/jetifier/processor/transform/resource/XmlResourcesTransformer
instanceKlass com/android/tools/build/jetifier/processor/transform/bytecode/ByteCodeTransformer
instanceKlass com/android/tools/build/jetifier/processor/transform/Transformer
instanceKlass com/android/tools/build/jetifier/core/TypeRewriter$Companion
instanceKlass com/android/tools/build/jetifier/core/TypeRewriter
instanceKlass com/android/tools/build/jetifier/processor/transform/TransformationContext
instanceKlass com/android/tools/build/jetifier/core/pom/DependencyVersions$Companion
instanceKlass com/android/tools/build/jetifier/core/pom/DependencyVersions
instanceKlass com/android/tools/build/jetifier/processor/TimestampsPolicy$Companion
instanceKlass com/android/tools/build/jetifier/processor/TimestampsPolicy
instanceKlass com/android/tools/build/jetifier/core/config/Config$Companion
instanceKlass com/android/tools/build/jetifier/core/config/Config
instanceKlass com/android/tools/build/jetifier/core/proguard/ProGuardTypesMap$Companion
instanceKlass com/android/tools/build/jetifier/core/proguard/ProGuardTypesMap
instanceKlass com/android/tools/build/jetifier/core/proguard/ProGuardType$Companion
instanceKlass com/android/tools/build/jetifier/core/proguard/ProGuardType
instanceKlass com/google/gson/internal/LinkedTreeMap$LinkedTreeMapIterator
instanceKlass com/android/tools/build/jetifier/core/type/TypesMap$Companion
instanceKlass com/android/tools/build/jetifier/core/type/TypesMap
instanceKlass com/android/tools/build/jetifier/core/type/JavaType$Companion
instanceKlass com/android/tools/build/jetifier/core/type/JavaType
instanceKlass com/android/tools/build/jetifier/core/pom/DependencyVersionsMap$Companion
instanceKlass com/android/tools/build/jetifier/core/pom/DependencyVersionsMap
instanceKlass com/android/tools/build/jetifier/core/pom/PomRewriteRule$Companion
instanceKlass com/android/tools/build/jetifier/core/pom/PomRewriteRule
instanceKlass com/android/tools/build/jetifier/core/PackageMap$Companion
instanceKlass com/android/tools/build/jetifier/core/PackageMap
instanceKlass com/android/tools/build/jetifier/core/PackageMap$PackageRule
instanceKlass com/android/tools/build/jetifier/core/rule/RewriteRulesMap$Companion
instanceKlass com/android/tools/build/jetifier/core/rule/RewriteRulesMap
instanceKlass com/android/tools/build/jetifier/core/rule/RewriteRule$Companion
instanceKlass com/android/tools/build/jetifier/core/rule/RewriteRule
instanceKlass com/google/gson/internal/LinkedTreeMap$Node
instanceKlass com/google/gson/internal/LinkedTreeMap$1
instanceKlass jdk/internal/vm/annotation/ForceInline
instanceKlass com/google/gson/internal/UnsafeAllocator
instanceKlass com/google/gson/internal/ConstructorConstructor$16
instanceKlass com/google/gson/internal/ConstructorConstructor$18
instanceKlass com/android/tools/build/jetifier/core/pom/PomDependency
instanceKlass com/android/tools/build/jetifier/core/pom/PomRewriteRule$JsonData
instanceKlass com/android/tools/build/jetifier/core/PackageMap$PackageRule$JsonData
instanceKlass com/google/gson/internal/bind/ReflectiveTypeAdapterFactory$FieldsData
instanceKlass com/android/tools/build/jetifier/core/rule/RewriteRule$JsonData
instanceKlass com/google/gson/internal/ConstructorConstructor$13
instanceKlass com/google/gson/internal/Primitives
instanceKlass com/google/gson/internal/$Gson$Types$ParameterizedTypeImpl
instanceKlass com/google/gson/annotations/SerializedName
instanceKlass com/google/gson/internal/ConstructorConstructor$19
instanceKlass com/android/tools/build/jetifier/core/proguard/ProGuardTypesMap$JsonData
instanceKlass com/android/tools/build/jetifier/core/type/TypesMap$JsonData
instanceKlass com/google/gson/internal/ReflectionAccessFilterHelper
instanceKlass com/google/gson/annotations/JsonAdapter
instanceKlass com/android/tools/build/jetifier/core/config/Config$JsonData
instanceKlass com/android/tools/build/jetifier/core/utils/StdOutLogConsumer
instanceKlass com/android/tools/build/jetifier/core/utils/LogConsumer
instanceKlass com/android/tools/build/jetifier/core/utils/Log
instanceKlass com/android/tools/build/jetifier/core/config/ConfigParser
instanceKlass com/android/tools/build/jetifier/processor/Processor$Companion
instanceKlass com/android/tools/build/jetifier/processor/Processor
instanceKlass com/android/tools/build/jetifier/processor/archive/ArchiveItemVisitor
instanceKlass com/android/build/gradle/internal/dependency/AndroidXDependencySubstitution
instanceKlass com/android/build/gradle/internal/DependencyConfigurator$Companion
instanceKlass com/android/build/gradle/internal/DependencyConfigurator
instanceKlass com/android/build/gradle/internal/cxx/configure/Ninja
instanceKlass com/android/build/gradle/internal/cxx/configure/ExperimentalPropertyExtensionsKt
instanceKlass com/android/build/gradle/internal/cxx/gradle/generator/NativeProjectPath
instanceKlass com/android/build/gradle/internal/cxx/gradle/generator/CxxConfigurationModelKt
instanceKlass com/android/build/gradle/internal/cxx/logging/IssueReporterLoggingEnvironmentKt
instanceKlass com/android/build/gradle/internal/cxx/logging/ThreadLoggingEnvironment$Companion$LoggerStack
instanceKlass com/android/build/gradle/internal/cxx/logging/ThreadLoggingEnvironment$Companion$BottomLoggingEnvironment
instanceKlass com/android/build/gradle/internal/cxx/logging/ThreadLoggingEnvironment$Companion$loggerStack$1
instanceKlass com/android/build/gradle/internal/cxx/logging/ThreadLoggingEnvironment$Companion
instanceKlass com/android/build/gradle/internal/cxx/logging/ThreadLoggingEnvironment
instanceKlass com/android/build/gradle/internal/cxx/logging/LoggingEnvironment
instanceKlass com/android/build/gradle/internal/cxx/configure/CxxCreateGradleTasksKt
instanceKlass com/android/build/gradle/internal/SdkComponentsBuildService$sdkDirectoryProvider$1
instanceKlass org/gradle/internal/classpath/declarations/KotlinFileExtensionsInterceptorsDeclaration
instanceKlass com/android/build/gradle/internal/PropertiesValueSource$Params$Inject_
instanceKlass com/android/build/gradle/internal/PropertiesValueSource$Params_Decorated
instanceKlass com/android/build/gradle/internal/PropertiesValueSource$Params
instanceKlass com/android/build/gradle/internal/cxx/configure/GradleLocalPropertiesKt$gradleLocalProperties$propertiesContent$1
instanceKlass com/android/build/gradle/internal/PropertiesValueSource
instanceKlass com/android/build/gradle/internal/cxx/configure/GradleLocalPropertiesKt
instanceKlass com/android/build/gradle/internal/SdkHandler
instanceKlass com/android/build/gradle/internal/SdkComponentsBuildService$VersionedSdkLoader
instanceKlass com/android/build/gradle/internal/SdkLocationSourceSet
instanceKlass com/android/build/gradle/internal/cxx/configure/NdkLocator
instanceKlass com/android/build/gradle/internal/SdkLibDataFactory$Environment
instanceKlass com/android/build/gradle/internal/ndk/NdkHandler
instanceKlass com/android/build/gradle/internal/NdkHandlerInput
instanceKlass com/android/build/gradle/internal/SdkComponentsBuildService$Parameters$Inject_
instanceKlass com/android/build/gradle/internal/attribution/CheckJetifierBuildService$Parameters_Decorated
instanceKlass com/android/build/gradle/internal/attribution/CheckJetifierBuildService$Parameters
instanceKlass com/android/build/gradle/internal/attribution/CheckJetifierBuildService
instanceKlass com/android/build/gradle/internal/VariantTaskManager$createReportTasks$1
instanceKlass com/android/build/gradle/internal/VariantTaskManager$createReportTasks$signingReportComponents$2
instanceKlass com/android/build/gradle/internal/VariantTaskManager$createReportTasks$signingReportComponents$1
instanceKlass com/android/build/gradle/internal/lint/LintTaskManager$createLintTasks$7
instanceKlass com/android/build/gradle/internal/lint/LintTaskManager$createLintTasks$6
instanceKlass com/android/build/gradle/internal/lint/LintTaskManager$createLintTasks$5
instanceKlass com/android/build/gradle/internal/lint/LintTaskManager$createLintTasks$4
instanceKlass com/android/build/gradle/internal/lint/LintTaskManager$createLintTasks$lintVitalTask$1$1
instanceKlass com/android/build/gradle/internal/lint/LintTaskManager$createLintTasks$3$1
instanceKlass com/android/build/gradle/internal/lint/LintTaskManager$createLintTasks$variantLintTask$2$1
instanceKlass com/android/build/gradle/internal/lint/AndroidLintTask$VariantCreationAction$Companion
instanceKlass com/android/build/gradle/internal/lint/VariantWithTests
instanceKlass com/android/build/gradle/internal/variant/DefaultFlavorComparator
instanceKlass com/android/build/gradle/internal/variant/DefaultBuildTypeComparator
instanceKlass com/android/build/gradle/internal/variant/BuildAuthorSpecifiedDefaultsFlavorComparator
instanceKlass com/android/build/gradle/internal/variant/BuildAuthorSpecifiedDefaultBuildTypeComparator
instanceKlass com/google/common/collect/AbstractMapBasedMultimap$KeySet$1
instanceKlass com/android/build/gradle/internal/HostTestTaskManager$createRunHostTestTask$1
instanceKlass org/gradle/testing/jacoco/plugins/JacocoPluginExtension
instanceKlass com/android/build/gradle/internal/HostTestTaskManager$setupJavaCompilationTasks$1
instanceKlass com/android/build/gradle/internal/HostTestTaskManager$setupAssembleTasks$2
instanceKlass com/android/build/gradle/internal/HostTestTaskManager$setupAssembleTasks$1
instanceKlass com/android/build/gradle/internal/AndroidTestTaskManager$createConnectedTestForVariant$1
instanceKlass com/android/build/gradle/internal/testing/utp/UtpTestUtilsKt$maybeCreateUtpConfigurations$1$1
instanceKlass com/android/tools/utp/gradle/api/UtpDependencies
instanceKlass com/android/build/gradle/internal/testing/utp/UtpTestUtilsKt
instanceKlass com/android/ide/common/workers/ExecutorServiceAdapter
instanceKlass com/android/ide/common/workers/WorkerExecutorFacade
instanceKlass com/android/build/gradle/internal/tasks/AndroidTestTask
instanceKlass com/android/build/gradle/internal/AndroidTestTaskManager$createConnectedTestForVariant$connectedCheckSerials$1
instanceKlass com/android/build/api/variant/impl/FlatSourceDirectoriesForJavaImpl$all$2$1
instanceKlass com/android/build/api/variant/impl/FlatSourceDirectoriesForJavaImpl$internalGenerators$2$1
instanceKlass com/android/build/api/variant/impl/SourcesImpl$manifestOverlayFiles$1
instanceKlass com/android/build/api/variant/impl/LayeredSourceDirectoriesImpl$static$1
instanceKlass com/android/build/api/variant/impl/LayeredSourceDirectoriesImpl$all$1
instanceKlass com/android/build/api/variant/impl/DirectoryEntries
instanceKlass com/android/build/api/variant/SourceDirectories$Layered
instanceKlass com/android/build/api/variant/impl/FileBasedFileEntry$asFile$1
instanceKlass com/android/build/api/variant/impl/ManifestFilesImpl$addSource$1
instanceKlass com/android/build/api/variant/impl/FileBasedFileEntry
instanceKlass com/android/build/api/variant/impl/FileEntry
instanceKlass com/android/build/api/variant/impl/ManifestFilesImpl$allStatic$1
instanceKlass com/android/build/api/variant/impl/ManifestFilesImpl$all$1
instanceKlass com/android/build/api/variant/impl/ManifestFilesImpl
instanceKlass com/android/build/api/variant/ManifestFiles
instanceKlass com/android/build/api/variant/impl/FlatSourceDirectoriesForJavaImpl$WhenMappings
instanceKlass com/android/build/api/variant/impl/FileBasedDirectoryEntryImpl
instanceKlass com/android/build/api/variant/impl/DirectoryEntry
instanceKlass com/android/build/api/variant/impl/SourceDirectoriesImpl
instanceKlass com/android/build/api/variant/SourceDirectories$Flat
instanceKlass com/android/build/api/variant/SourceDirectories
instanceKlass com/android/build/api/component/impl/DefaultSourcesProviderImpl
instanceKlass com/android/build/api/component/impl/DefaultSourcesProvider
instanceKlass com/android/build/gradle/internal/core/dsl/impl/DslInfoUtilsKt$computeInstrumentationTestRunner$1
instanceKlass com/android/build/gradle/internal/core/dsl/impl/DslInfoUtilsKt$getDefaultInstrumentationTestRunner$1
instanceKlass com/android/build/gradle/internal/testing/TestData$Companion
instanceKlass com/android/build/gradle/internal/test/AbstractTestDataImpl
instanceKlass com/android/build/gradle/internal/testing/TestData
instanceKlass com/android/build/gradle/internal/lint/LintModelWriterTask$Companion
instanceKlass com/android/build/gradle/internal/lint/AndroidLintAnalysisTask$Companion
instanceKlass com/android/build/gradle/internal/AndroidTestTaskManager$createTasks$1
instanceKlass com/google/common/base/CommonPattern
instanceKlass com/google/common/base/Platform$JdkPatternCompiler
instanceKlass com/google/common/base/PatternCompiler
instanceKlass com/google/common/base/Platform
instanceKlass com/google/common/base/Strings
instanceKlass com/android/build/gradle/internal/tasks/featuresplit/FeatureSplitUtils
instanceKlass com/android/build/gradle/internal/component/TestVariantCreationConfig
instanceKlass com/android/build/api/variant/TestVariant
instanceKlass com/android/build/api/variant/LibraryVariant
instanceKlass com/android/build/api/variant/CanProduceConsumerProguardFiles
instanceKlass com/android/build/api/variant/DynamicFeatureVariant
instanceKlass com/android/build/gradle/internal/core/dsl/DynamicFeatureVariantDslInfo
instanceKlass com/android/build/gradle/internal/tasks/creationconfig/BaseProcessTestManifestCreationConfig
instanceKlass com/android/build/gradle/internal/tasks/creationconfig/ProcessTestManifestCreationConfig
instanceKlass com/android/build/gradle/internal/tasks/creationconfig/ProcessTestManifestCreationConfigKt
instanceKlass com/android/build/gradle/internal/dependency/SubtractingArtifactCollection$SubtractingArtifactResult$initFileCollection$1
instanceKlass com/android/build/gradle/internal/dependency/SubtractingArtifactCollection$SubtractingArtifactResult
instanceKlass com/android/build/gradle/internal/dependency/SubtractingArtifactCollection
instanceKlass com/android/build/gradle/internal/AndroidTestTaskManager$createVariantPreBuildTask$1
instanceKlass com/android/build/gradle/internal/tasks/PerModuleReportDependenciesTask$CreationAction$Companion
instanceKlass com/android/build/gradle/internal/coverage/tasks/CodeCoverageReportCreationConfigImpl
instanceKlass com/android/build/gradle/internal/coverage/tasks/CodeCoverageReportCreationConfig
instanceKlass com/android/build/gradle/internal/coverage/JacocoConfigurations
instanceKlass com/android/build/gradle/internal/tasks/ApplicationTaskManager$createDynamicBundleTask$2
instanceKlass com/android/build/gradle/internal/tasks/ApplicationTaskManager$createDynamicBundleTask$1
instanceKlass com/android/build/gradle/internal/tasks/AnchorTaskNames
instanceKlass com/android/build/gradle/internal/tasks/BundleToStandaloneApkTask$CreationAction$handleProvider$2
instanceKlass com/android/build/gradle/internal/tasks/FinalizeBundleTask$CreationAction$handleProvider$bundleNameProvider$1
instanceKlass com/android/build/gradle/internal/tasks/ApplicationTaskManager$doCreateTasksForVariant$d8DexStartupOptimizationEnabled$1
instanceKlass com/android/build/gradle/internal/tasks/ApplicationTaskManager$doCreateTasksForVariant$r8DexStartupOptimizationEnabled$1
instanceKlass com/android/build/gradle/internal/tasks/AppMetadataTaskKt
instanceKlass com/android/build/gradle/internal/tasks/ApplicationTaskManager$createBundleTask$2
instanceKlass com/android/build/gradle/internal/tasks/ApplicationTaskManager$createBundleTask$1
instanceKlass com/android/build/gradle/internal/TaskManager$createPackagingTask$3
instanceKlass com/android/build/gradle/internal/TaskManager$createPackagingTask$2
instanceKlass com/android/build/gradle/tasks/PackageApplication$Companion
instanceKlass com/android/build/gradle/tasks/PackageAndroidArtifact$Companion
instanceKlass com/android/build/gradle/internal/TaskManager$createPackagingTask$1
instanceKlass com/android/build/gradle/tasks/PackageAndroidArtifact$CreationAction$Companion
instanceKlass com/android/build/gradle/internal/TaskManager$createPackagingTask$configureResourcesAndAssetsDependencies$1
instanceKlass com/android/build/api/variant/impl/SigningConfigImpl$storeType$1
instanceKlass com/android/build/api/variant/impl/SigningConfigImpl$keyPassword$1
instanceKlass com/android/build/api/variant/impl/SigningConfigImpl$keyAlias$1
instanceKlass com/android/build/api/variant/impl/SigningConfigImpl$storePassword$1
instanceKlass com/android/build/api/variant/impl/SigningConfigImpl$storeFile$1
instanceKlass com/android/build/api/variant/impl/SigningConfigImpl$enableV1Signing$1
instanceKlass com/android/build/api/variant/impl/SigningConfigImpl$enableV2Signing$1
instanceKlass com/android/build/api/variant/impl/SigningConfigImpl$enableV3Signing$1
instanceKlass com/android/build/api/variant/impl/SigningConfigImpl$enableV4Signing$1
instanceKlass com/android/build/api/artifact/impl/OperationRequestsImplKt$toAppend$2
instanceKlass com/android/build/api/artifact/impl/OperationRequestsImplKt$toAppend$1
instanceKlass com/android/build/gradle/internal/tasks/DexMergingTask$CreationAction$WhenMappings
instanceKlass com/android/build/gradle/internal/tasks/creationconfig/BaseDexMergingCreationConfig
instanceKlass com/android/build/gradle/internal/tasks/creationconfig/DexMergingCreationConfig
instanceKlass com/android/build/gradle/internal/tasks/creationconfig/DexMergingCreationConfigKt
instanceKlass com/android/build/gradle/internal/tasks/factory/features/DexingTaskCreationActionImpl
instanceKlass com/android/build/gradle/internal/tasks/factory/features/DexingTaskCreationAction
instanceKlass com/android/build/gradle/internal/tasks/ClassesClasspathUtils
instanceKlass kotlin/text/MatchNamedGroupCollection
instanceKlass kotlin/text/MatchGroupCollection
instanceKlass kotlin/text/MatcherMatchResult
instanceKlass kotlin/text/MatchResult
instanceKlass kotlin/text/RegexKt
instanceKlass com/android/tools/r8/internal/rr4
instanceKlass com/android/tools/r8/Version
instanceKlass com/android/builder/dexing/R8Version
instanceKlass com/android/build/gradle/internal/dependency/ShrinkerVersion$Companion
instanceKlass com/android/build/gradle/internal/dependency/ShrinkerVersion
instanceKlass com/android/build/gradle/internal/tasks/R8VersionCheckKt
instanceKlass com/android/build/gradle/internal/services/R8D8ThreadPoolBuildService$Parameters
instanceKlass com/android/build/gradle/internal/tasks/MergeJavaResourcesInputsOutputs
instanceKlass com/android/build/gradle/internal/tasks/MergeGeneratedProguardFilesCreationAction$Companion
instanceKlass com/android/build/gradle/internal/tasks/factory/TaskFactoryUtils$dependsOn$7
instanceKlass com/android/build/gradle/internal/TaskManager$sam$org_gradle_api_Action$0
instanceKlass com/android/build/gradle/internal/TaskManager$addSubpluginOptionsForBuiltInKotlin$compilerOptions$1
instanceKlass org/jetbrains/kotlin/compose/compiler/gradle/ComposeCompilerGradleSubplugin$applyToCompilation$2
instanceKlass org/jetbrains/kotlin/compose/compiler/gradle/ComposeCompilerGradleSubplugin$applyToCompilation$allPluginProperties$1$11
instanceKlass org/jetbrains/kotlin/compose/compiler/gradle/ComposeCompilerGradleSubplugin$applyToCompilation$allPluginProperties$1$10
instanceKlass org/jetbrains/kotlin/compose/compiler/gradle/ComposeCompilerGradleSubplugin$applyToCompilation$allPluginProperties$1$9
instanceKlass org/jetbrains/kotlin/compose/compiler/gradle/ComposeCompilerGradleSubplugin$applyToCompilation$allPluginProperties$1$8
instanceKlass org/jetbrains/kotlin/compose/compiler/gradle/ComposeCompilerGradleSubplugin$applyToCompilation$allPluginProperties$1$7
instanceKlass org/jetbrains/kotlin/compose/compiler/gradle/ComposeCompilerGradleSubplugin$applyToCompilation$allPluginProperties$1$6
instanceKlass org/jetbrains/kotlin/compose/compiler/gradle/ComposeCompilerGradleSubplugin$applyToCompilation$allPluginProperties$1$5
instanceKlass org/jetbrains/kotlin/compose/compiler/gradle/ComposeCompilerGradleSubplugin$applyToCompilation$allPluginProperties$1$4
instanceKlass org/jetbrains/kotlin/compose/compiler/gradle/ComposeCompilerGradleSubplugin$applyToCompilation$allPluginProperties$1$3
instanceKlass org/jetbrains/kotlin/compose/compiler/gradle/ComposeCompilerGradleSubplugin$applyToCompilation$allPluginProperties$1$2
instanceKlass org/jetbrains/kotlin/compose/compiler/gradle/ComposeCompilerGradleSubplugin$applyToCompilation$allPluginProperties$1$1
instanceKlass org/gradle/api/internal/artifacts/ivyservice/dependencysubstitution/DefaultDependencySubstitutions$NoArtifactSelector
instanceKlass org/gradle/api/internal/artifacts/ivyservice/dependencysubstitution/DefaultDependencySubstitutions$AbstractDependencySubstitutionAction
instanceKlass org/gradle/api/internal/artifacts/dsl/ComponentSelectorParsers$ProjectConverter
instanceKlass org/gradle/api/internal/artifacts/dsl/ComponentSelectorParsers$StringConverter
instanceKlass org/gradle/api/internal/artifacts/dsl/ComponentSelectorParsers
instanceKlass org/gradle/api/internal/artifacts/ivyservice/dependencysubstitution/ArtifactSelectionDetailsInternal
instanceKlass org/gradle/api/artifacts/ArtifactSelectionDetails
instanceKlass org/gradle/api/internal/artifacts/ivyservice/dependencysubstitution/DefaultDependencySubstitution
instanceKlass org/gradle/api/internal/artifacts/ivyservice/dependencysubstitution/DefaultDependencySubstitutions$1
instanceKlass org/gradle/api/internal/artifacts/ivyservice/dependencysubstitution/UnversionedModuleComponentSelector
instanceKlass org/gradle/api/internal/notations/ModuleNotationValidation
instanceKlass org/jetbrains/kotlin/compose/compiler/gradle/ComposeCompilerGradleSubplugin$applyToCompilation$1
instanceKlass org/jetbrains/kotlin/compose/compiler/gradle/internal/ComposeWithAgpConfig$AgpVersionProvider$Default
instanceKlass org/jetbrains/kotlin/compose/compiler/gradle/internal/ComposeWithAgpConfig$AgpVersionProvider
instanceKlass org/jetbrains/kotlin/compose/compiler/gradle/internal/ComposeWithAgpConfig$AgpConfigurationProvider$Default
instanceKlass org/jetbrains/kotlin/compose/compiler/gradle/internal/ComposeWithAgpConfig$AgpConfigurationProvider
instanceKlass org/jetbrains/kotlin/compose/compiler/gradle/internal/ComposeWithAgpConfig
instanceKlass com/android/build/gradle/internal/TaskManager$addSubpluginOptionsForBuiltInKotlin$1
instanceKlass org/jetbrains/kotlin/gradle/utils/ProjectExtensionsKt
instanceKlass org/jetbrains/kotlin/gradle/plugin/mpp/KotlinCompilationsKt$moduleNameForCompilation$1
instanceKlass org/jetbrains/kotlin/gradle/internal/CompilerOptionsDslHelpersKt
instanceKlass org/jetbrains/kotlin/tooling/core/ExtrasPropertyKt$extrasLazyProperty$1
instanceKlass org/jetbrains/kotlin/tooling/core/ExtrasLazyProperty
instanceKlass org/jetbrains/kotlin/tooling/core/ExtrasProperty
instanceKlass org/jetbrains/kotlin/tooling/core/ExtrasPropertyKt
instanceKlass kotlin/reflect/jvm/internal/impl/serialization/deserialization/descriptors/DeserializedClassDescriptor$$Lambda$5
instanceKlass kotlin/reflect/jvm/internal/impl/serialization/deserialization/descriptors/DeserializedAnnotations
instanceKlass org/jetbrains/kotlin/gradle/ExternalKotlinTargetApi
instanceKlass kotlin/reflect/jvm/internal/ReflectionFactoryImpl$$Lambda$3
instanceKlass org/jetbrains/kotlin/gradle/plugin/hierarchy/KotlinSourceSetTreeClassifierKt
instanceKlass org/jetbrains/kotlin/gradle/plugin/hierarchy/KotlinSourceSetTreeClassifier$Property
instanceKlass org/jetbrains/kotlin/gradle/plugin/hierarchy/KotlinSourceSetTreeClassifier
instanceKlass org/jetbrains/kotlin/gradle/plugin/mpp/KotlinJvmAgpCompilationFactory$WhenMappings
instanceKlass org/jetbrains/kotlin/gradle/plugin/KotlinCompilation$Companion
instanceKlass org/jetbrains/kotlin/gradle/plugin/mpp/KotlinJvmAndroidCompilationKt
instanceKlass org/jetbrains/kotlin/gradle/plugin/mpp/compilationImpl/factory/KotlinCompilationImplFactory$create$1
instanceKlass org/jetbrains/kotlin/gradle/plugin/KotlinCompilation$DefaultImpls
instanceKlass org/jetbrains/kotlin/gradle/plugin/mpp/InternalKotlinCompilation$DefaultImpls
instanceKlass org/jetbrains/kotlin/gradle/plugin/mpp/InternalKotlinCompilationKt
instanceKlass org/jetbrains/kotlin/gradle/plugin/mpp/KotlinCompilationsKt$addSourcesToKotlinCompileTask$1
instanceKlass org/jetbrains/kotlin/gradle/plugin/mpp/KotlinCompilationsKt
instanceKlass org/jetbrains/kotlin/gradle/plugin/sources/DefaultKotlinSourceSet$special$$inlined$Iterable$1
instanceKlass org/jetbrains/kotlin/tooling/core/Extras$Entry$Companion
instanceKlass org/jetbrains/kotlin/tooling/core/Extras$Entry
instanceKlass org/jetbrains/kotlin/gradle/plugin/mpp/DefaultKotlinCompilationOutput$allOutputs$1$1
instanceKlass org/jetbrains/kotlin/gradle/plugin/mpp/DefaultKotlinCompilationOutput
instanceKlass org/jetbrains/kotlin/gradle/plugin/KotlinCompilationOutput
instanceKlass org/jetbrains/kotlin/gradle/plugin/mpp/compilationImpl/KotlinCompilationTaskNamesContainer
instanceKlass org/jetbrains/kotlin/gradle/plugin/mpp/compilationImpl/DefaultKotlinCompilationConfigurationsContainer
instanceKlass org/jetbrains/kotlin/gradle/plugin/mpp/compilationImpl/KotlinCompilationConfigurationsContainer
instanceKlass org/jetbrains/kotlin/gradle/targets/js/dsl/KotlinWasmSubTargetContainerDsl
instanceKlass org/jetbrains/kotlin/gradle/targets/js/dsl/KotlinJsSubTargetContainerDsl
instanceKlass org/jetbrains/kotlin/gradle/targets/js/dsl/KotlinWasmWasiTargetDsl
instanceKlass org/jetbrains/kotlin/gradle/targets/js/dsl/KotlinWasmJsTargetDsl
instanceKlass org/jetbrains/kotlin/gradle/targets/js/dsl/KotlinWasmTargetDsl
instanceKlass org/jetbrains/kotlin/gradle/targets/js/dsl/KotlinJsTargetDsl
instanceKlass org/jetbrains/kotlin/gradle/plugin/mpp/HasBinaries
instanceKlass org/jetbrains/kotlin/gradle/targets/js/dsl/KotlinTargetWithNodeJsDsl
instanceKlass org/jetbrains/kotlin/gradle/plugin/KotlinTargetWithTests
instanceKlass org/jetbrains/kotlin/gradle/plugin/KotlinTargetConfiguratorKt$WhenMappings
instanceKlass org/jetbrains/kotlin/gradle/plugin/ProjectLocalConfigurationsKt
instanceKlass kotlin/jvm/internal/SpreadBuilder
instanceKlass org/jetbrains/kotlin/gradle/plugin/mpp/compilationImpl/factory/ConfigurationNaming$Default
instanceKlass org/jetbrains/kotlin/gradle/plugin/mpp/compilationImpl/factory/ConfigurationNaming
instanceKlass org/jetbrains/kotlin/gradle/plugin/mpp/compilationImpl/factory/KotlinCompilationDependencyConfigurationsFactoriesKt
instanceKlass org/jetbrains/kotlin/gradle/plugin/sources/InternalKotlinSourceSetKt
instanceKlass org/jetbrains/kotlin/gradle/plugin/mpp/compilationImpl/DefaultKotlinCompilationSourceSetsContainer
instanceKlass org/jetbrains/kotlin/gradle/plugin/mpp/compilationImpl/KotlinCompilationSourceSetsContainer
instanceKlass org/jetbrains/kotlin/gradle/plugin/mpp/compilationImpl/KotlinCompilationSourceSetsContainerKt
instanceKlass org/jetbrains/kotlin/gradle/plugin/KotlinTargetConfiguratorKt
instanceKlass org/jetbrains/kotlin/gradle/plugin/sources/DefaultLanguageSettingsBuilder
instanceKlass org/gradle/api/internal/file/DefaultSourceDirectorySet$SourceDirectories
instanceKlass org/gradle/model/internal/core/UnmanagedStruct
instanceKlass org/gradle/api/internal/file/collections/DirectoryFileTree
instanceKlass org/gradle/api/internal/file/collections/LocalFileTree
instanceKlass org/gradle/api/internal/file/collections/RandomAccessFileCollection
instanceKlass org/gradle/api/internal/file/collections/PatternFilterableFileTree
instanceKlass org/jetbrains/kotlin/gradle/plugin/sources/ConsistencyCheck
instanceKlass org/jetbrains/kotlin/gradle/dsl/KotlinVersion$Companion
instanceKlass org/jetbrains/kotlin/gradle/plugin/sources/FragmentConsistencyChecks
instanceKlass org/jetbrains/kotlin/gradle/plugin/sources/FragmentConsistencyChecker
instanceKlass org/jetbrains/kotlin/gradle/plugin/sources/DefaultKotlinSourceSetKt
instanceKlass org/jetbrains/kotlin/gradle/plugin/KotlinSourceSet$Companion
instanceKlass org/jetbrains/kotlin/gradle/utils/MutableObservableSetImpl
instanceKlass org/jetbrains/kotlin/gradle/utils/MutableObservableSet
instanceKlass org/jetbrains/kotlin/gradle/utils/ObservableSet
instanceKlass org/jetbrains/kotlin/gradle/plugin/LanguageSettingsBuilder
instanceKlass org/jetbrains/kotlin/project/model/LanguageSettings
instanceKlass org/jetbrains/kotlin/gradle/plugin/sources/AbstractKotlinSourceSet
instanceKlass org/jetbrains/kotlin/gradle/plugin/sources/InternalKotlinSourceSet
instanceKlass org/jetbrains/kotlin/gradle/dsl/KotlinProjectExtensionKt
instanceKlass org/jetbrains/kotlin/util/capitalizeDecapitalize/CapitalizeDecapitalizeKt
instanceKlass org/jetbrains/kotlin/gradle/utils/StringUtilsKt
instanceKlass org/jetbrains/kotlin/gradle/plugin/mpp/compilationImpl/KotlinCompilationImpl$Params
instanceKlass org/jetbrains/kotlin/gradle/plugin/mpp/compilationImpl/KotlinCompilationImpl
instanceKlass org/jetbrains/kotlin/gradle/plugin/mpp/compilationImpl/factory/KotlinCompilationImplFactory$KotlinCompilerOptionsFactory$Options
instanceKlass org/jetbrains/kotlin/gradle/plugin/mpp/compilationImpl/factory/KotlinJvmCompilerOptionsFactory$create$kotlinOptions$1
instanceKlass org/jetbrains/kotlin/gradle/plugin/mpp/compilationImpl/factory/KotlinJvmCompilerOptionsFactory$create$compilerOptions$1
instanceKlass org/jetbrains/kotlin/gradle/plugin/HasCompilerOptions
instanceKlass org/jetbrains/kotlin/gradle/plugin/mpp/KotlinCompilationFactory$DefaultImpls
instanceKlass org/jetbrains/kotlin/gradle/plugin/mpp/compilationImpl/factory/CompositePostConfigure
instanceKlass org/jetbrains/kotlin/gradle/plugin/mpp/compilationImpl/KotlinCompilationCompilerOptionsFromTargetConfigurator
instanceKlass org/jetbrains/kotlin/gradle/plugin/mpp/compilationImpl/KotlinCompilationRegisterInSourceSetsConfigurator
instanceKlass org/jetbrains/kotlin/gradle/plugin/mpp/compilationImpl/factory/KotlinCompilationImplFactory$PostConfigure$Companion
instanceKlass org/jetbrains/kotlin/gradle/plugin/mpp/compilationImpl/factory/KotlinCompilationImplFactory$PostConfigure
instanceKlass org/jetbrains/kotlin/gradle/plugin/mpp/compilationImpl/DefaultKotlinCompilationPostConfigureKt
instanceKlass org/jetbrains/kotlin/gradle/plugin/mpp/compilationImpl/factory/DefaultProcessResourcesTaskNameFactory
instanceKlass org/jetbrains/kotlin/gradle/plugin/mpp/compilationImpl/factory/KotlinCompilationImplFactory$ProcessResourcesTaskNameFactory
instanceKlass org/jetbrains/kotlin/gradle/plugin/mpp/compilationImpl/factory/DefaultKotlinCompilationTaskNamesContainerFactory
instanceKlass org/jetbrains/kotlin/gradle/plugin/mpp/compilationImpl/factory/KotlinCompilationImplFactory$KotlinCompilationTaskNamesContainerFactory
instanceKlass org/jetbrains/kotlin/gradle/plugin/mpp/compilationImpl/factory/DefaultKotlinCompilationOutputFactory
instanceKlass org/jetbrains/kotlin/gradle/plugin/mpp/compilationImpl/factory/KotlinCompilationImplFactory$KotlinCompilationOutputFactory
instanceKlass org/jetbrains/kotlin/gradle/plugin/mpp/compilationImpl/KotlinCompilationSourceSetInclusion$DefaultAddSourcesToCompileTask
instanceKlass org/jetbrains/kotlin/gradle/plugin/mpp/compilationImpl/KotlinCompilationSourceSetInclusion$AddSourcesToCompileTask
instanceKlass kotlin/reflect/jvm/internal/DescriptorKProperty2$$Lambda$1
instanceKlass kotlin/reflect/jvm/internal/DescriptorKProperty2$$Lambda$0
instanceKlass kotlin/reflect/jvm/internal/DescriptorKProperty$$Lambda$1
instanceKlass kotlin/reflect/jvm/internal/DescriptorKProperty$$Lambda$0
instanceKlass kotlin/reflect/jvm/internal/DescriptorKCallable$$Lambda$4
instanceKlass kotlin/reflect/jvm/internal/DescriptorKCallable$$Lambda$3
instanceKlass kotlin/reflect/jvm/internal/DescriptorKCallable$$Lambda$2
instanceKlass kotlin/reflect/jvm/internal/DescriptorKCallable$$Lambda$1
instanceKlass kotlin/reflect/jvm/internal/DescriptorKCallable$$Lambda$0
instanceKlass kotlin/reflect/jvm/internal/ReflectKCallableKt
instanceKlass kotlin/reflect/jvm/internal/types/KTypeSubstitutor$Companion
instanceKlass kotlin/reflect/jvm/internal/types/KTypeSubstitutor
instanceKlass kotlin/reflect/jvm/internal/KCallableOverriddenStorage$Companion
instanceKlass kotlin/reflect/jvm/internal/KCallableOverriddenStorage
instanceKlass kotlin/reflect/jvm/internal/DescriptorKProperty$Companion
instanceKlass kotlin/reflect/jvm/internal/ReflectKCallableImpl
instanceKlass kotlin/reflect/jvm/internal/ReflectKProperty
instanceKlass kotlin/reflect/jvm/internal/ReflectKCallable
instanceKlass org/jetbrains/kotlin/gradle/plugin/mpp/compilationImpl/KotlinCompilationSourceSetInclusion$Companion
instanceKlass org/jetbrains/kotlin/gradle/plugin/mpp/compilationImpl/KotlinCompilationSourceSetInclusion
instanceKlass org/jetbrains/kotlin/gradle/plugin/mpp/compilationImpl/factory/DefaultKotlinCompilationDependencyConfigurationsFactory
instanceKlass org/jetbrains/kotlin/gradle/plugin/mpp/compilationImpl/factory/KotlinCompilationImplFactory$KotlinCompilationDependencyConfigurationsFactory
instanceKlass org/jetbrains/kotlin/gradle/plugin/mpp/compilationImpl/factory/DefaultKotlinCompilationSourceSetsContainerFactory$DefaultDefaultSourceSetNaming
instanceKlass org/jetbrains/kotlin/gradle/plugin/mpp/compilationImpl/factory/DefaultKotlinCompilationSourceSetsContainerFactory$DefaultSourceSetNaming
instanceKlass org/jetbrains/kotlin/gradle/plugin/mpp/compilationImpl/factory/DefaultKotlinCompilationSourceSetsContainerFactory
instanceKlass org/jetbrains/kotlin/gradle/plugin/mpp/compilationImpl/factory/KotlinCompilationImplFactory$KotlinCompilationSourceSetsContainerFactory
instanceKlass org/jetbrains/kotlin/gradle/plugin/mpp/compilationImpl/factory/KotlinCompilationImplFactory
instanceKlass org/jetbrains/kotlin/gradle/plugin/mpp/compilationImpl/KotlinCompilationLanguageSettingsConfigurator
instanceKlass org/jetbrains/kotlin/gradle/plugin/mpp/compilationImpl/factory/KotlinCompilationImplFactory$PreConfigure
instanceKlass org/jetbrains/kotlin/gradle/plugin/mpp/compilationImpl/KotlinAndroidCompilationAssociator
instanceKlass org/jetbrains/kotlin/gradle/plugin/mpp/compilationImpl/KotlinCompilationAssociator
instanceKlass org/jetbrains/kotlin/gradle/plugin/mpp/compilationImpl/DefaultKotlinCompilationFriendPathsResolver$CompositeFriendArtifactResolver
instanceKlass org/jetbrains/kotlin/gradle/plugin/mpp/compilationImpl/DefaultKotlinCompilationFriendPathsResolver$AdditionalAndroidFriendArtifactResolver
instanceKlass org/jetbrains/kotlin/gradle/plugin/mpp/compilationImpl/DefaultKotlinCompilationFriendPathsResolver$DefaultFriendArtifactResolver
instanceKlass org/jetbrains/kotlin/gradle/plugin/mpp/compilationImpl/DefaultKotlinCompilationFriendPathsResolver$FriendArtifactResolver$Companion
instanceKlass org/jetbrains/kotlin/gradle/plugin/mpp/compilationImpl/DefaultKotlinCompilationFriendPathsResolver$FriendArtifactResolver
instanceKlass org/jetbrains/kotlin/gradle/plugin/mpp/compilationImpl/DefaultKotlinCompilationFriendPathsResolver
instanceKlass org/jetbrains/kotlin/gradle/plugin/mpp/compilationImpl/KotlinCompilationFriendPathsResolver
instanceKlass org/jetbrains/kotlin/gradle/plugin/mpp/compilationImpl/factory/KotlinJvmCompilerOptionsFactory
instanceKlass org/jetbrains/kotlin/gradle/plugin/mpp/compilationImpl/factory/KotlinCompilationImplFactory$KotlinCompilerOptionsFactory
instanceKlass org/jetbrains/kotlin/gradle/plugin/mpp/KotlinJvmAgpCompilationFactory
instanceKlass org/jetbrains/kotlin/gradle/plugin/mpp/KotlinCompilationFactory
instanceKlass com/android/build/gradle/internal/TaskManager$maybeCreateKotlinExtensionConfiguration$kotlinExtension$1
instanceKlass org/gradle/api/internal/plugins/DefaultPluginContainer$1
instanceKlass com/android/build/gradle/tasks/KotlinTaskCreationAction$registerTask$1
instanceKlass org/jetbrains/kotlin/gradle/plugin/KotlinBaseApiPlugin$registerKotlinJvmCompileTask$3
instanceKlass org/jetbrains/kotlin/gradle/tasks/configuration/BaseKotlinCompileConfig$1$1
instanceKlass org/jetbrains/kotlin/gradle/tasks/configuration/BaseKotlinCompileConfig$1$classpathConfiguration$1
instanceKlass org/jetbrains/kotlin/gradle/plugin/diagnostics/ToolingDiagnostic
instanceKlass java/io/Console$2
instanceKlass jdk/internal/access/JavaIOAccess
instanceKlass java/nio/charset/Charset$1
instanceKlass java/nio/charset/Charset$2
instanceKlass java/nio/charset/Charset$ExtendedProviderHolder$1
instanceKlass java/nio/charset/Charset$ExtendedProviderHolder
instanceKlass java/io/Console
instanceKlass org/jetbrains/kotlin/gradle/plugin/diagnostics/ToolingDiagnosticRenderingOptionsKt$isAttachedToTerminal$2
instanceKlass org/jetbrains/kotlin/gradle/plugin/diagnostics/ToolingDiagnosticRenderingOptionsKt$isAttachedToTerminal$1
instanceKlass org/jetbrains/kotlin/gradle/plugin/diagnostics/ToolingDiagnosticRenderingOptionsKt$WhenMappings
instanceKlass org/jetbrains/kotlin/gradle/plugin/diagnostics/ToolingDiagnosticRenderingOptionsKt
instanceKlass org/jetbrains/kotlin/gradle/internal/IdeaKt$isInIdeaEnvironment$2
instanceKlass org/jetbrains/kotlin/gradle/utils/ConfigurationCacheOpaqueValue
instanceKlass org/jetbrains/kotlin/gradle/internal/IdeaKt$isInIdeaEnvironment$1
instanceKlass org/jetbrains/kotlin/gradle/utils/ConfigurationCacheOpaqueValueSource
instanceKlass org/jetbrains/kotlin/gradle/plugin/diagnostics/ToolingDiagnosticRenderingOptions$Companion
instanceKlass org/jetbrains/kotlin/gradle/plugin/diagnostics/KotlinToolingDiagnosticsCollectorKt$kotlinToolingDiagnosticsCollectorProvider$1$execute$$inlined$variantImplementationFactoryProvider$1
instanceKlass org/jetbrains/kotlin/gradle/plugin/diagnostics/KotlinToolingDiagnosticsCollector$Parameter_Decorated
instanceKlass org/jetbrains/kotlin/gradle/plugin/diagnostics/KotlinToolingDiagnosticsCollector$Parameter
instanceKlass org/jetbrains/kotlin/gradle/plugin/diagnostics/KotlinToolingDiagnosticsCollectorKt$kotlinToolingDiagnosticsCollectorProvider$1
instanceKlass org/jetbrains/kotlin/gradle/plugin/diagnostics/KotlinToolingDiagnosticsCollectorKt
instanceKlass org/jetbrains/kotlin/gradle/plugin/diagnostics/UsesKotlinToolingDiagnosticsKt
instanceKlass org/jetbrains/kotlin/gradle/tasks/configuration/BaseKotlinCompileConfig$configureCommonParameters$2
instanceKlass org/jetbrains/kotlin/gradle/tasks/configuration/BaseKotlinCompileConfig$configureCommonParameters$1
instanceKlass org/jetbrains/kotlin/gradle/plugin/diagnostics/KotlinToolingDiagnosticsCollector
instanceKlass org/jetbrains/kotlin/gradle/plugin/diagnostics/ToolingDiagnosticRenderingOptions
instanceKlass org/jetbrains/kotlin/gradle/internal/transforms/ClasspathEntrySnapshotTransform$Parameters
instanceKlass org/jetbrains/kotlin/gradle/plugin/diagnostics/TransformActionUsingKotlinToolingDiagnostics$Parameters
instanceKlass org/jetbrains/kotlin/gradle/utils/RegisterTransformForArtifactTypeKt$registerTransformForArtifactType$2
instanceKlass org/jetbrains/kotlin/gradle/utils/RegisterTransformForArtifactTypeKt
instanceKlass org/jetbrains/kotlin/gradle/internal/transforms/ClasspathEntrySnapshotTransform
instanceKlass org/jetbrains/kotlin/gradle/plugin/diagnostics/TransformActionUsingKotlinToolingDiagnostics
instanceKlass org/jetbrains/kotlin/gradle/tasks/configuration/BaseKotlinCompileConfig$1$jvmToolchain$1
instanceKlass org/jetbrains/kotlin/gradle/tasks/configuration/AbstractKotlinCompileConfigKt$sam$org_gradle_api_Action$0
instanceKlass org/jetbrains/kotlin/gradle/tasks/TasksProviderKt
instanceKlass org/jetbrains/kotlin/gradle/plugin/diagnostics/UsesKotlinToolingDiagnostics
instanceKlass org/jetbrains/kotlin/gradle/plugin/diagnostics/UsesKotlinToolingDiagnosticsParameters
instanceKlass org/jetbrains/kotlin/gradle/incremental/UsesIncrementalModuleInfoBuildService
instanceKlass org/jetbrains/kotlin/gradle/report/UsesBuildMetricsService
instanceKlass org/jetbrains/kotlin/gradle/tasks/CompileUsingKotlinDaemonWithNormalization
instanceKlass org/jetbrains/kotlin/gradle/tasks/CompileUsingKotlinDaemon
instanceKlass org/jetbrains/kotlin/gradle/dsl/KotlinJvmCompile
instanceKlass org/jetbrains/kotlin/gradle/tasks/KotlinJvmCompile
instanceKlass org/jetbrains/kotlin/gradle/tasks/KotlinCompilationTask
instanceKlass org/jetbrains/kotlin/gradle/dsl/KotlinCompile
instanceKlass org/jetbrains/kotlin/gradle/tasks/BaseKotlinCompile
instanceKlass org/jetbrains/kotlin/gradle/tasks/K2MultiplatformCompilationTask
instanceKlass org/jetbrains/kotlin/gradle/plugin/internal/BuildIdService$Companion$registerIfAbsent$1$1
instanceKlass org/jetbrains/kotlin/gradle/plugin/internal/UsesBuildIdProviderService
instanceKlass org/jetbrains/kotlin/gradle/plugin/internal/BuildIdService$Companion
instanceKlass org/jetbrains/kotlin/gradle/plugin/internal/BuildIdService
instanceKlass org/jetbrains/kotlin/compilerRunner/CompilerSystemPropertiesService$Companion$registerIfAbsent$2$1$1
instanceKlass org/jetbrains/kotlin/compilerRunner/UsesCompilerSystemPropertiesService
instanceKlass org/jetbrains/kotlin/compilerRunner/CompilerSystemPropertiesService$Parameters_Decorated
instanceKlass org/jetbrains/kotlin/compilerRunner/CompilerSystemPropertiesService$Parameters
instanceKlass org/jetbrains/kotlin/compilerRunner/CompilerSystemPropertiesService$Companion$registerIfAbsent$1
instanceKlass org/jetbrains/kotlin/compilerRunner/CompilerSystemPropertiesService$Companion
instanceKlass org/jetbrains/kotlin/compilerRunner/CompilerSystemPropertiesService
instanceKlass kotlin/collections/ArrayDeque$Companion
instanceKlass org/jetbrains/kotlin/gradle/tasks/configuration/BaseKotlinCompileConfig$Companion
instanceKlass org/jetbrains/kotlin/gradle/tasks/configuration/TaskConfigAction
instanceKlass org/jetbrains/kotlin/gradle/dsl/KotlinCommonCompilerToolOptionsHelper
instanceKlass org/jetbrains/kotlin/gradle/dsl/KotlinCommonCompilerOptionsHelper
instanceKlass org/jetbrains/kotlin/gradle/dsl/KotlinJvmCompilerOptionsHelper
instanceKlass com/android/build/gradle/internal/services/TaskCreationServicesImpl$sam$java_util_concurrent_Callable$0
instanceKlass com/android/build/gradle/tasks/KotlinTaskCreationAction
instanceKlass com/android/build/gradle/internal/component/ComponentBasedBuiltInKotlinCreationConfig
instanceKlass com/android/build/gradle/internal/component/BuiltInKotlinCreationConfig
instanceKlass com/android/build/api/artifact/impl/MultiplePropertyAdapter
instanceKlass com/android/build/gradle/internal/tasks/creationconfig/BaseJavaCompileCreationConfig
instanceKlass com/android/build/gradle/internal/tasks/creationconfig/JavaCompileCreationConfig
instanceKlass com/android/build/gradle/internal/tasks/creationconfig/JavaCompileCreationConfigKt
instanceKlass com/android/build/gradle/internal/tasks/creationconfig/BaseJavaPreCompileTaskCreationConfig
instanceKlass com/android/build/gradle/internal/tasks/creationconfig/JavaPreCompileTaskCreationConfig
instanceKlass com/android/build/gradle/internal/tasks/creationconfig/JavaPreCompileTaskCreationConfigKt
instanceKlass com/android/build/gradle/internal/component/KmpComponentCreationConfig
instanceKlass com/android/build/api/variant/impl/JniLibsTestedApkPackagingImpl$testOnly$1
instanceKlass com/android/build/api/variant/JniLibsTestedApkPackaging
instanceKlass com/android/build/api/variant/JniLibsTestedComponentPackaging
instanceKlass com/android/build/api/variant/impl/ResourcesApkPackagingImpl$excludes$1
instanceKlass com/android/build/api/variant/JniLibsApkPackaging
instanceKlass com/android/build/api/variant/impl/DexPackagingOptionsImpl
instanceKlass com/android/build/api/variant/DexPackagingOptions
instanceKlass com/android/build/api/variant/impl/ResourcesPackagingImpl$merges$1
instanceKlass com/android/build/api/variant/impl/ResourcesPackagingImpl$pickFirsts$1
instanceKlass com/android/build/api/variant/impl/ResourcesPackagingImpl$excludes$1
instanceKlass com/android/build/api/variant/impl/ResourcesPackagingImpl
instanceKlass com/android/build/api/variant/ResourcesPackaging
instanceKlass com/android/build/api/variant/impl/JniLibsPackagingImpl$keepDebugSymbols$1
instanceKlass com/android/build/api/variant/impl/JniLibsPackagingImpl$pickFirsts$1
instanceKlass com/android/build/api/variant/impl/JniLibsPackagingImpl$excludes$1
instanceKlass com/android/build/api/variant/impl/JniLibsPackagingImpl
instanceKlass com/android/build/api/variant/JniLibsPackaging
instanceKlass com/android/build/gradle/internal/tasks/MergeNativeLibsTaskKt
instanceKlass com/android/build/gradle/internal/TaskManager$createProcessJavaResTask$taskConfig$1
instanceKlass com/android/build/gradle/internal/tasks/creationconfig/ProcessJavaResCreationConfig
instanceKlass com/android/build/gradle/internal/tasks/R8ResourceShrinkingParametersKt
instanceKlass com/android/build/gradle/internal/TaskManager$WhenMappings
instanceKlass com/android/build/api/artifact/impl/OperationRequestsImplKt$toCreate$2
instanceKlass com/android/build/api/artifact/impl/OperationRequestsImplKt$toCreate$1
instanceKlass com/android/build/api/artifact/impl/OperationRequestsImplKt
instanceKlass com/android/build/api/artifact/impl/OutOperationRequestImpl
instanceKlass com/android/build/api/artifact/OutOperationRequest
instanceKlass com/android/build/gradle/internal/tasks/IncrementalTask
instanceKlass com/android/build/gradle/internal/tasks/factory/features/AndroidResourcesTaskCreationActionImpl
instanceKlass com/android/build/gradle/internal/tasks/factory/features/AndroidResourcesTaskCreationAction
instanceKlass com/android/build/api/component/impl/features/AndroidResourcesCreationConfigImpl
instanceKlass com/android/build/gradle/tasks/ProcessApplicationManifest$CreationAction$handleProvider$4
instanceKlass com/android/build/gradle/tasks/ManifestProcessor
instanceKlass com/android/build/api/artifact/impl/ArtifactTransformationRequestImpl
instanceKlass com/android/build/api/artifact/ArtifactTransformationRequest
instanceKlass com/android/build/api/artifact/impl/InAndOutDirectoryOperationRequestImpl$Companion$initializeInput$1
instanceKlass com/android/build/api/artifact/impl/InAndOutDirectoryOperationRequestImpl$Companion
instanceKlass com/android/build/api/artifact/impl/InAndOutDirectoryOperationRequestImpl
instanceKlass com/android/build/api/artifact/InAndOutDirectoryOperationRequest
instanceKlass com/android/build/api/artifact/impl/TaskBasedOperationImpl
instanceKlass com/android/build/api/artifact/impl/ArtifactOperationRequest
instanceKlass com/android/build/api/artifact/TaskBasedOperation
instanceKlass com/android/build/api/artifact/Artifact$ContainsMany
instanceKlass org/gradle/api/internal/resources/FileCollectionBackedTextResource
instanceKlass com/android/build/api/component/impl/OldVariantApiLegacySupportImpl$JavaCompileOptionsForOldVariantAPI$_annotationProcessorOptions$1
instanceKlass com/android/build/api/component/impl/OldVariantApiLegacySupportImpl$JavaCompileOptionsForOldVariantAPI
instanceKlass com/android/build/gradle/internal/core/dsl/impl/SigningConfigResolver$Companion
instanceKlass com/android/build/gradle/internal/core/dsl/impl/SigningConfigResolver
instanceKlass com/android/build/api/component/impl/OldVariantApiLegacySupportImpl
instanceKlass com/android/build/gradle/internal/dependency/ProvidedClasspathSubtractor$getFileCollection$1
instanceKlass com/android/build/gradle/internal/dependency/ProvidedClasspathSubtractor
instanceKlass com/android/build/gradle/internal/dependency/ProvidedClasspath
instanceKlass com/android/build/gradle/internal/dependency/VariantDependencies$Companion$getComponentFilter$4
instanceKlass com/android/build/gradle/internal/dependency/VariantDependencies$Companion$computeLocalFileDependencies$2
instanceKlass com/android/build/gradle/internal/dependency/VariantDependencies$Companion$computeLocalFileDependencies$dependencies$1
instanceKlass com/android/build/api/component/impl/ComponentImpl$computeLocalPackagedJars$1
instanceKlass kotlin/collections/ArrayAsCollection
instanceKlass com/android/build/api/artifact/impl/ScopedArtifactsImpl$ScopedArtifactsContainer
instanceKlass com/android/build/gradle/internal/dependency/AndroidAttributes
instanceKlass com/android/build/gradle/internal/publishing/AndroidArtifactsUtilKt
instanceKlass com/android/build/gradle/internal/publishing/AndroidArtifacts
instanceKlass com/android/build/gradle/internal/dependency/VariantDependencies$computeArtifactCollection$2
instanceKlass com/android/build/gradle/internal/dependency/VariantDependencies$Companion$getComponentFilter$3
instanceKlass org/gradle/process/internal/health/memory/JvmMemoryStatusSnapshot
instanceKlass com/android/build/gradle/internal/dependency/VariantDependencies$computeArtifactCollection$attributesAction$1
instanceKlass org/gradle/workers/internal/WorkerDaemonExpiration$SimpleMemoryExpirationSelector
instanceKlass org/gradle/process/internal/health/memory/OsMemoryStatusAspect$Unavailable
instanceKlass com/android/build/gradle/internal/dependency/VariantDependencies$WhenMappings
instanceKlass com/android/build/gradle/internal/dependency/VariantDependencies$Companion$WhenMappings
instanceKlass org/gradle/api/attributes/VerificationType
instanceKlass com/android/build/api/artifact/Artifact$Transformable
instanceKlass com/android/build/gradle/internal/instrumentation/AsmClassVisitorsFactoryRegistry
instanceKlass com/android/build/gradle/internal/component/LibraryCreationConfig
instanceKlass com/android/build/gradle/internal/dsl/InstrumentationImpl
instanceKlass com/android/build/api/component/impl/features/InstrumentationCreationConfigImpl
instanceKlass com/android/build/gradle/internal/TaskManager$createCompileAnchorTask$1
instanceKlass com/android/build/gradle/internal/TaskManager$createAnchorTasks$1
instanceKlass com/android/build/gradle/internal/tasks/VariantTask
instanceKlass com/android/build/gradle/internal/component/DynamicFeatureCreationConfig
instanceKlass com/android/build/gradle/internal/TaskManager$createAssembleTask$2
instanceKlass com/android/build/gradle/internal/TaskManager$createAssembleTask$1
instanceKlass com/android/build/api/artifact/Artifact$Appendable
instanceKlass org/gradle/internal/Actions$FilteredAction
instanceKlass java/util/stream/ReduceOps$5ReducingSink
instanceKlass org/gradle/api/internal/CompositeDomainObjectSet$DomainObjectCompositeCollection$ProvidedCollection
instanceKlass org/gradle/api/internal/CompositeDomainObjectSet$DomainObjectCompositeCollection$RealizedCollection
instanceKlass org/gradle/api/internal/CompositeDomainObjectSet$DomainObjectCompositeCollection$StoredCollection
instanceKlass java/util/LinkedList$LLSpliterator
instanceKlass org/gradle/api/internal/CompositeDomainObjectSet$ItemNotInCompositeSpec
instanceKlass org/gradle/api/internal/CompositeDomainObjectSet$ItemIsUniqueInCompositeSpec
instanceKlass org/gradle/api/internal/CompositeDomainObjectSet$DomainObjectCompositeCollection
instanceKlass com/android/build/gradle/internal/VariantTaskManager$checkMultidexDependency$$inlined$filterIsInstance$1
instanceKlass com/android/build/gradle/internal/AndroidTestTaskManager$createTopLevelTasks$4
instanceKlass com/android/build/gradle/internal/AndroidTestTaskManager$createTopLevelTasks$3
instanceKlass com/android/build/gradle/internal/AndroidTestTaskManager$createTopLevelTasks$2
instanceKlass com/android/build/gradle/internal/AndroidTestTaskManager$createTopLevelTasks$1
instanceKlass com/android/build/gradle/internal/AndroidTestTaskManager$createMockableJarTask$1
instanceKlass com/android/build/gradle/internal/HostTestTaskManager$createTopLevelTasksCore$2
instanceKlass com/android/build/gradle/internal/HostTestTaskManager$createTopLevelTasksCore$1
instanceKlass com/android/build/gradle/internal/VariantTaskManager$createTasks$1
instanceKlass com/android/build/gradle/internal/VariantTaskManager$Companion
instanceKlass android/databinding/tool/writer/JavaFileWriter
instanceKlass android/databinding/tool/DataBindingBuilder
instanceKlass com/android/build/gradle/internal/tasks/factory/TaskManagerConfigImpl
instanceKlass org/gradle/api/internal/provider/DefaultMapProperty$FixedSupplier
instanceKlass com/google/wireless/android/sdk/stats/GradleBuildVariant$Java8LangSupport$1
instanceKlass com/android/build/api/component/impl/features/DexingImpl
instanceKlass com/google/wireless/android/sdk/stats/TestRun$TestExecution$1
instanceKlass com/android/build/gradle/internal/profile/AnalyticsUtil$1
instanceKlass com/google/common/base/Verify
instanceKlass com/google/wireless/android/sdk/stats/GradleBuildVariant$DexMergerTool$1
instanceKlass com/google/wireless/android/sdk/stats/GradleBuildVariant$DexBuilderTool$1
instanceKlass com/android/build/api/component/impl/features/OptimizationCreationConfigImpl
instanceKlass com/google/protobuf/RepeatedFieldBuilderV3
instanceKlass com/google/wireless/android/sdk/stats/VariantPropertiesAccessOrBuilder
instanceKlass com/google/wireless/android/sdk/stats/ArtifactAccessOrBuilder
instanceKlass com/google/wireless/android/sdk/stats/VariantAccessOrBuilder
instanceKlass com/android/build/gradle/internal/VariantManager$createVariantsFromCombination$variantExtensionConfig$1
instanceKlass com/android/build/api/variant/VariantExtensionConfig
instanceKlass com/android/build/api/component/analytics/AnalyticsEnabledSigningConfig
instanceKlass com/android/build/api/component/analytics/AnalyticsEnabledComponent
instanceKlass com/android/build/api/variant/impl/AndroidResourcesImplKt
instanceKlass com/android/build/gradle/internal/core/dsl/impl/features/AndroidResourcesDslInfoImpl
instanceKlass com/android/build/gradle/internal/core/dsl/features/AndroidResourcesDslInfo
instanceKlass com/android/build/gradle/internal/scope/UnitTestBuildFeatureValuesImpl
instanceKlass com/android/build/gradle/internal/core/dsl/HostTestComponentDslInfo
instanceKlass com/android/build/gradle/internal/core/dsl/impl/InstrumentedTestDslInfoImpl$testLabel$1
instanceKlass com/android/build/gradle/internal/core/dsl/impl/InstrumentedTestDslInfoImpl$functionalTest$2
instanceKlass com/android/build/gradle/internal/core/dsl/impl/InstrumentedTestDslInfoImpl$handleProfiling$2
instanceKlass com/android/build/gradle/internal/core/dsl/impl/InstrumentedTestDslInfoImpl
instanceKlass com/android/build/gradle/internal/core/dsl/impl/DslInfoCommonKt$getTestComponentNamespace$2$1
instanceKlass com/android/build/gradle/internal/component/DeviceTestCreationConfig
instanceKlass com/android/build/gradle/internal/component/InstrumentedTestCreationConfig
instanceKlass com/android/build/gradle/internal/dependency/ConstraintHandler$checkConfigurationAlignments$1
instanceKlass com/android/build/gradle/internal/dependency/ConstraintHandler
instanceKlass org/gradle/api/internal/artifacts/dependencies/ProjectDependencyInternal
instanceKlass com/android/build/gradle/internal/core/dsl/impl/DslInfoCommonKt$initTestApplicationId$2
instanceKlass com/android/build/gradle/internal/core/dsl/impl/DslInfoCommonKt
instanceKlass com/android/build/gradle/internal/core/dsl/AndroidTestComponentDslInfo
instanceKlass com/android/build/gradle/internal/core/dsl/InstrumentedTestComponentDslInfo
instanceKlass com/android/build/gradle/internal/core/dsl/TestComponentDslInfo
instanceKlass com/android/build/gradle/internal/variant/ComponentInfo
instanceKlass com/android/build/gradle/internal/utils/VariantPostCreationChecksKt
instanceKlass com/android/build/api/variant/impl/VariantOutputList$Companion
instanceKlass com/android/build/api/variant/impl/ApplicationVariantImpl$addVariantOutput$1
instanceKlass com/android/build/gradle/internal/core/dsl/NestedComponentDslInfo
instanceKlass com/android/build/api/variant/impl/VariantOutputConfigurationImplKt$WhenMappings
instanceKlass com/android/build/api/variant/impl/VariantOutputConfigurationImplKt
instanceKlass com/android/build/gradle/internal/core/dsl/impl/ApplicationVariantDslInfoImpl$versionName$2$2
instanceKlass com/android/build/gradle/internal/core/dsl/impl/ApplicationVariantDslInfoImpl$versionCode$2$2
instanceKlass com/android/build/api/variant/impl/VariantOutputImpl
instanceKlass com/android/build/api/variant/VariantOutput
instanceKlass com/android/build/api/variant/impl/VariantOutputConfigurationImpl
instanceKlass com/android/build/gradle/internal/core/MergedExternalNativeCmakeOptions
instanceKlass com/android/build/gradle/internal/core/MergedExternalNativeNdkBuildOptions
instanceKlass com/android/build/gradle/internal/core/MergedExternalNativeBuildOptions
instanceKlass com/android/build/gradle/internal/core/MergedNdkConfig
instanceKlass com/android/build/gradle/internal/core/dsl/impl/features/NativeBuildDslInfoImpl
instanceKlass com/android/build/gradle/internal/core/dsl/features/NativeBuildDslInfo
instanceKlass com/android/build/api/component/impl/features/NativeBuildCreationConfigImpl
instanceKlass com/android/build/gradle/internal/variant/BaseVariantData$WhenMappings
instanceKlass com/android/build/api/variant/impl/MetadataRecord
instanceKlass com/android/build/api/variant/impl/CodeTransparencyImpl
instanceKlass com/android/build/api/variant/CodeTransparency
instanceKlass com/android/build/api/component/impl/AnnotationProcessorImpl$finalListOfClassNames$1
instanceKlass com/android/build/api/component/impl/AnnotationProcessorImpl
instanceKlass com/android/build/api/variant/AnnotationProcessor
instanceKlass com/android/build/api/component/impl/JavaCompilationImpl
instanceKlass com/android/build/gradle/internal/core/dsl/impl/VariantDslInfoImpl$namespace$1
instanceKlass com/android/build/api/variant/ResValue
instanceKlass com/android/build/gradle/internal/core/ProductFlavor
instanceKlass com/android/build/api/variant/BuildConfigField
instanceKlass com/android/build/gradle/internal/component/VariantCreationConfig$Companion
instanceKlass com/android/build/api/variant/JavaCompilation
instanceKlass com/android/build/gradle/internal/component/features/AndroidResourcesCreationConfig
instanceKlass com/android/build/gradle/internal/component/features/InstrumentationCreationConfig
instanceKlass com/android/build/api/variant/Instrumentation
instanceKlass com/android/build/api/component/impl/LifecycleTasksImpl
instanceKlass com/android/build/api/variant/LifecycleTasks
instanceKlass com/android/build/gradle/internal/component/legacy/OldVariantApiLegacySupport
instanceKlass com/android/build/api/variant/impl/SourcesImpl
instanceKlass com/android/build/api/variant/InternalSources
instanceKlass com/android/build/api/variant/Sources
instanceKlass com/android/build/gradle/internal/component/features/ResValuesCreationConfig
instanceKlass com/android/build/gradle/internal/services/BuiltInKaptSupportMode
instanceKlass com/android/build/gradle/internal/services/BuiltInKotlinSupportMode
instanceKlass com/android/build/gradle/internal/component/features/NativeBuildCreationConfig
instanceKlass com/android/build/gradle/internal/component/features/BuildConfigCreationConfig
instanceKlass com/android/build/gradle/internal/component/features/RenderscriptCreationConfig
instanceKlass com/android/build/gradle/internal/component/features/OptimizationCreationConfig
instanceKlass com/android/build/gradle/internal/component/features/ManifestPlaceholdersCreationConfig
instanceKlass com/android/build/api/variant/ResValue$Key
instanceKlass com/android/build/api/component/UnitTest
instanceKlass com/android/build/api/variant/ExternalNativeBuild
instanceKlass com/android/build/gradle/internal/component/features/ShadersCreationConfig
instanceKlass com/android/build/api/variant/impl/SigningConfigImpl
instanceKlass com/android/build/api/variant/SigningConfig
instanceKlass com/android/build/api/variant/Renderscript
instanceKlass com/android/build/gradle/internal/component/features/DexingCreationConfig
instanceKlass com/android/build/api/variant/Dexing
instanceKlass com/android/build/api/variant/UnitTest
instanceKlass com/android/build/api/variant/ApkOutputProviders
instanceKlass com/android/build/api/variant/impl/BundleConfigImpl
instanceKlass com/android/build/api/variant/BundleConfig
instanceKlass com/android/build/api/variant/AndroidTest
instanceKlass com/android/build/api/variant/ApplicationAndroidResources
instanceKlass com/android/build/api/variant/impl/AndroidResourcesImpl
instanceKlass com/android/build/api/variant/AndroidResources
instanceKlass com/android/build/api/variant/DependenciesInfo
instanceKlass com/android/build/api/variant/impl/PackagingImpl
instanceKlass com/android/build/api/variant/TestedApkPackaging
instanceKlass com/android/build/api/variant/TestedComponentPackaging
instanceKlass com/android/build/api/variant/ApkPackaging
instanceKlass com/android/build/api/variant/Packaging
instanceKlass com/android/build/gradle/internal/component/TestSuiteCreationConfig
instanceKlass com/android/build/api/variant/TestSuite
instanceKlass com/android/build/gradle/internal/component/TestFixturesCreationConfig
instanceKlass com/android/build/gradle/internal/component/AarCreationConfig
instanceKlass com/android/build/api/variant/TestFixtures
instanceKlass com/android/build/api/variant/GeneratesAar
instanceKlass com/android/build/gradle/internal/component/HostTestCreationConfig
instanceKlass com/android/build/api/variant/HostTest
instanceKlass com/android/build/gradle/internal/component/TestComponentCreationConfig
instanceKlass com/android/build/gradle/internal/component/NestedComponentCreationConfig
instanceKlass com/android/build/gradle/internal/component/TestCreationConfig
instanceKlass com/android/build/api/variant/VariantOutputConfiguration
instanceKlass com/android/build/api/variant/impl/VariantOutputList
instanceKlass com/android/build/api/variant/DeviceTest
instanceKlass com/android/build/api/variant/TestComponent
instanceKlass com/android/build/api/variant/GeneratesTestApk
instanceKlass com/android/build/gradle/internal/services/VariantBuilderServicesImpl$ValueImpl
instanceKlass com/android/build/gradle/internal/services/VariantBuilderServices$Value
instanceKlass com/android/build/api/variant/impl/DependenciesInfoBuilderImpl
instanceKlass com/android/build/api/component/impl/ComponentImpl
instanceKlass com/android/build/api/variant/impl/HasTestFixtures
instanceKlass com/android/build/api/variant/impl/HasTestSuitesCreationConfig
instanceKlass com/android/build/api/variant/impl/HasHostTestsCreationConfig
instanceKlass com/android/build/api/variant/impl/HasDeviceTestsCreationConfig
instanceKlass org/gradle/api/internal/resources/StringBackedTextResource
instanceKlass org/gradle/api/resources/internal/TextResourceInternal
instanceKlass com/android/build/gradle/internal/variant/BaseVariantData$Companion
instanceKlass com/android/build/gradle/internal/variant/BaseVariantData
instanceKlass com/android/build/gradle/internal/variant/TestedVariantData
instanceKlass com/android/build/gradle/internal/scope/MutableTaskContainer
instanceKlass com/android/build/gradle/internal/scope/TaskContainer
instanceKlass com/android/build/gradle/internal/variant/VariantPathHelper$Companion
instanceKlass com/android/build/gradle/internal/variant/VariantPathHelper
instanceKlass com/android/build/gradle/internal/dependency/VariantDependencies$Companion
instanceKlass com/android/build/gradle/internal/dependency/VariantDependencies
instanceKlass com/android/build/gradle/internal/dependency/ResolutionResultProvider
instanceKlass com/android/build/gradle/internal/publishing/PublishedConfigSpec
instanceKlass com/android/build/gradle/internal/attributes/VariantAttr$Impl
instanceKlass com/android/build/gradle/internal/attributes/VariantAttr$Companion
instanceKlass com/android/build/gradle/internal/attributes/VariantAttr
instanceKlass com/android/build/gradle/internal/dependency/SourceTypeCompatibilityRule
instanceKlass com/android/build/gradle/internal/dependency/SourceTypeAttributeKt
instanceKlass com/android/build/api/attributes/BuildTypeAttr$Impl
instanceKlass org/apache/commons/lang3/text/WordUtils
instanceKlass com/android/build/api/attributes/BuildTypeAttr$Companion
instanceKlass com/android/build/api/attributes/BuildTypeAttr
instanceKlass com/android/build/api/attributes/AgpVersionAttr$Impl
instanceKlass com/android/build/api/attributes/AgpVersionAttr$Companion
instanceKlass com/android/build/api/attributes/AgpVersionAttr
instanceKlass com/android/build/gradle/internal/VariantManager$getFlavorSelection$2
instanceKlass com/android/build/gradle/internal/VariantManager$getFlavorSelection$1
instanceKlass com/google/common/collect/Iterables
instanceKlass com/android/build/gradle/internal/dependency/VariantDependenciesBuilder
instanceKlass com/android/build/gradle/internal/core/VariantSources
instanceKlass com/google/common/collect/ObjectArrays
instanceKlass com/android/build/gradle/internal/utils/GuavaKtxKt
instanceKlass com/android/build/api/variant/impl/AndroidTestBuilderImpl
instanceKlass com/android/build/api/component/analytics/AnalyticsEnabledAndroidTestBuilder
instanceKlass com/android/build/api/component/analytics/AnalyticsEnabledAndroidResourcesBuilder
instanceKlass com/android/build/api/component/analytics/AnalyticsEnabledComponentBuilder
instanceKlass com/google/wireless/android/sdk/stats/AnnotationProcessorInfoOrBuilder
instanceKlass com/google/wireless/android/sdk/stats/AsmFramesComputationModeUpdateOrBuilder
instanceKlass com/google/wireless/android/sdk/stats/AsmClassesTransformRegistrationOrBuilder
instanceKlass com/google/wireless/android/sdk/stats/GradleBuildVariant$NativeBuildConfigInfoOrBuilder
instanceKlass com/google/wireless/android/sdk/stats/GradleBuildVariant$PrivacySandboxDependenciesInfoOrBuilder
instanceKlass com/google/wireless/android/sdk/stats/ApiVersionOrBuilder
instanceKlass com/google/wireless/android/sdk/stats/VariantApiUsageOrBuilder
instanceKlass com/google/wireless/android/sdk/stats/GradleBuildVariant$KotlinOptionsOrBuilder
instanceKlass com/android/build/gradle/internal/profile/AnalyticsResourceManager$getVariantBuilder$1
instanceKlass com/android/build/gradle/internal/profile/AnalyticsResourceManager$getVariantBuilder$projectData$1
instanceKlass com/android/build/gradle/internal/dsl/TestOptions$suites$2$AgpTestSuiteFactory
instanceKlass com/android/build/gradle/internal/testsuites/impl/TestSuiteBuilderImpl$Companion
instanceKlass com/android/build/gradle/internal/testsuites/impl/TestSuiteBuilderImpl
instanceKlass com/android/build/gradle/internal/dsl/ModulePropertyKey$BooleanWithDefault$Companion
instanceKlass com/android/build/gradle/internal/dsl/ModulePropertyKey
instanceKlass com/android/build/gradle/internal/core/dsl/ComponentDslInfo$DslDefinedHostTest
instanceKlass com/android/build/api/variant/impl/HostTestBuilderImpl$Companion
instanceKlass com/android/build/api/variant/impl/HostTestBuilderImpl
instanceKlass com/android/build/api/variant/impl/ApplicationAndroidResourcesBuilderImpl
instanceKlass com/android/build/gradle/internal/core/dsl/ComponentDslInfo$DslDefinedDeviceTest
instanceKlass com/android/build/api/variant/impl/DeviceTestBuilderImpl$Companion
instanceKlass com/android/build/gradle/internal/core/dsl/impl/features/DexingDslInfoImpl
instanceKlass com/android/build/gradle/internal/core/dsl/features/DexingDslInfo
instanceKlass com/android/build/gradle/internal/core/dsl/impl/features/OptimizationDslInfoImpl$postProcessingOptions$2$1
instanceKlass com/android/build/gradle/internal/core/PostProcessingOptions
instanceKlass com/android/build/gradle/internal/ProguardFilesProvider
instanceKlass com/android/build/gradle/internal/core/MergedOptimization
instanceKlass com/android/build/api/component/impl/features/CommonOptimizationDslInfoImpl
instanceKlass com/android/build/gradle/internal/core/dsl/features/OptimizationDslInfo
instanceKlass com/android/build/gradle/internal/profile/ProfilingMode$Companion
instanceKlass com/android/build/gradle/internal/core/dsl/impl/features/RenderscriptDslInfoImpl
instanceKlass com/android/build/gradle/internal/core/dsl/features/RenderscriptDslInfo
instanceKlass com/google/common/collect/Lists$ReverseList$1
instanceKlass com/android/builder/core/DefaultApiVersion
instanceKlass kotlin/jvm/internal/TypeIntrinsics
instanceKlass com/android/build/gradle/internal/core/dsl/impl/VariantDslInfoImpl$initApplicationId$2
instanceKlass com/android/build/gradle/internal/core/MergedFlavor$Companion
instanceKlass com/android/build/gradle/internal/core/InternalBaseVariant$MergedFlavor
instanceKlass com/android/build/api/annotations/ReplacedByIncubating
instanceKlass com/android/build/api/variant/TestSuiteBuilder
instanceKlass com/android/build/api/variant/impl/DeviceTestBuilderImpl
instanceKlass com/android/build/api/variant/impl/MutableAndroidVersion
instanceKlass com/android/build/api/variant/AndroidVersion
instanceKlass com/android/build/api/variant/HostTestBuilder
instanceKlass com/android/build/api/variant/AndroidTestBuilder
instanceKlass com/android/build/api/variant/DeviceTestBuilder
instanceKlass com/android/build/api/variant/GeneratesTestApkBuilder
instanceKlass com/android/build/api/variant/ApplicationAndroidResourcesBuilder
instanceKlass com/android/build/api/variant/AndroidResourcesBuilder
instanceKlass com/android/build/api/variant/DependenciesInfoBuilder
instanceKlass com/android/build/api/component/impl/ComponentBuilderImpl
instanceKlass com/android/build/api/variant/impl/InternalVariantBuilder
instanceKlass com/android/build/gradle/internal/core/MergedJavaCompileOptions
instanceKlass com/android/build/gradle/internal/core/MergedOptions
instanceKlass com/android/build/gradle/internal/core/dsl/impl/ComponentDslInfoImpl
instanceKlass com/android/build/gradle/internal/publishing/VariantPublishingInfo
instanceKlass com/android/build/gradle/internal/utils/PublishingUtils
instanceKlass com/android/build/gradle/internal/core/dsl/impl/DslInfoUtilsKt
instanceKlass com/android/build/api/component/impl/ComponentIdentityImpl
instanceKlass com/android/build/gradle/internal/manifest/LazyManifestParser$manifestData$2
instanceKlass com/android/build/gradle/internal/manifest/ManifestValueSource$Params_Decorated
instanceKlass com/android/build/gradle/internal/manifest/ManifestValueSource$Params
instanceKlass com/android/build/gradle/internal/manifest/LazyManifestParser$manifestData$1
instanceKlass com/android/build/gradle/internal/manifest/ManifestValueSource
instanceKlass com/android/build/gradle/internal/manifest/LazyManifestParser
instanceKlass com/android/build/gradle/internal/manifest/ManifestDataProvider
instanceKlass com/android/build/gradle/internal/VariantManager$getLazyManifestParser$1
instanceKlass com/android/build/gradle/internal/core/dsl/impl/DslInfoBuilder$Companion
instanceKlass com/android/build/gradle/internal/core/dsl/impl/DslInfoBuilder
instanceKlass com/android/build/api/variant/impl/GlobalVariantBuilderConfigImpl
instanceKlass com/android/build/api/variant/impl/GlobalVariantBuilderConfig
instanceKlass com/android/build/gradle/internal/variant/DimensionCombinationImpl
instanceKlass com/android/build/gradle/internal/variant/DimensionCombinator$Companion
instanceKlass com/android/build/gradle/internal/variant/DimensionCombinator
instanceKlass com/android/build/api/dsl/LibraryBuildFeatures
instanceKlass org/gradle/api/internal/plugins/DefaultAppliedPlugin
instanceKlass com/android/build/gradle/internal/scope/BuildFeatureValuesImpl
instanceKlass com/android/build/gradle/internal/scope/BuildFeatureValues
instanceKlass com/google/wireless/android/sdk/stats/GradleBuildSplits$2
instanceKlass com/google/wireless/android/sdk/stats/GradleBuildSplits$1
instanceKlass com/android/build/gradle/internal/plugins/DslContainerProvider$lock$6
instanceKlass com/android/build/gradle/internal/plugins/DslContainerProvider$lock$5
instanceKlass com/android/build/gradle/internal/plugins/DslContainerProvider$lock$4
instanceKlass com/android/build/gradle/internal/plugins/DslContainerProvider$lock$3
instanceKlass com/android/build/gradle/internal/plugins/DslContainerProvider$lock$2
instanceKlass com/android/build/gradle/internal/plugins/DslContainerProvider$lock$1
instanceKlass com/android/build/gradle/internal/plugins/BasePlugin$createAndroidTasks$1
instanceKlass org/gradle/api/plugins/JavaPlugin
instanceKlass com/android/build/gradle/tasks/JavaCompileUtils
instanceKlass com/android/build/gradle/internal/plugins/BasePlugin$createTasks$2$1
instanceKlass org/gradle/configuration/internal/DefaultListenerBuildOperationDecorator$ExecuteListenerDetails
instanceKlass org/gradle/configuration/internal/DefaultListenerBuildOperationDecorator$Operation
instanceKlass com/google/common/base/Joiner
instanceKlass com/android/utils/FileUtils
instanceKlass com/android/build/gradle/internal/dsl/TargetSdkVersionImpl
instanceKlass com/android/build/gradle/internal/dsl/MinSdkVersionImpl
instanceKlass com/android/build/gradle/internal/dsl/CompileSdkVersionImpl
instanceKlass com/android/build/api/dsl/CompileSdkReleaseSpec
instanceKlass com/android/build/gradle/internal/utils/SdkUtilsKt
instanceKlass com/fasterxml/jackson/core/io/NumberOutput
instanceKlass org/gradle/internal/featurelifecycle/DefaultDeprecatedUsageProgressDetails
instanceKlass org/gradle/internal/featurelifecycle/DeprecatedUsageProgressDetails
instanceKlass org/gradle/operations/problems/FileLocation
instanceKlass org/gradle/operations/problems/ProblemLocation
instanceKlass org/gradle/operations/problems/ProblemDefinition
instanceKlass org/gradle/api/problems/internal/BuildOperationProblem
instanceKlass org/gradle/problems/internal/impl/DefaultProblemsReportCreatorKt
instanceKlass org/gradle/operations/problems/Problem
instanceKlass org/gradle/internal/cc/impl/problems/JsonWriter$JsonObject
instanceKlass org/gradle/api/problems/internal/DefaultProblemProgressDetails
instanceKlass org/gradle/operations/problems/ProblemUsageProgressDetails
instanceKlass org/gradle/api/problems/internal/ProblemProgressDetails
instanceKlass org/gradle/internal/configuration/problems/CommonReport$State$Spooling$onDiagnostic$1
instanceKlass org/gradle/internal/configuration/problems/CommonReport$State$Spooling$1
instanceKlass org/gradle/internal/cc/impl/problems/HtmlReportWriter
instanceKlass com/fasterxml/jackson/core/FormatFeature
instanceKlass com/fasterxml/jackson/core/util/JacksonFeatureSet
instanceKlass com/fasterxml/jackson/core/PrettyPrinter
instanceKlass com/fasterxml/jackson/core/JsonStreamContext
instanceKlass com/fasterxml/jackson/core/util/TextBuffer
instanceKlass com/fasterxml/jackson/core/io/IOContext
instanceKlass com/fasterxml/jackson/core/util/BufferRecycler
instanceKlass com/fasterxml/jackson/core/util/BufferRecyclers
instanceKlass com/fasterxml/jackson/core/util/BufferRecycler$Gettable
instanceKlass com/fasterxml/jackson/core/io/ContentReference
instanceKlass com/fasterxml/jackson/core/sym/CharsToNameCanonicalizer$Bucket
instanceKlass com/fasterxml/jackson/core/sym/CharsToNameCanonicalizer$TableInfo
instanceKlass com/fasterxml/jackson/core/sym/CharsToNameCanonicalizer
instanceKlass com/fasterxml/jackson/core/ErrorReportConfiguration
instanceKlass com/fasterxml/jackson/core/StreamWriteConstraints
instanceKlass com/fasterxml/jackson/core/StreamReadConstraints
instanceKlass com/fasterxml/jackson/core/util/RecyclerPool$WithPool
instanceKlass com/fasterxml/jackson/core/util/RecyclerPool$ThreadLocalPoolBase
instanceKlass com/fasterxml/jackson/core/util/RecyclerPool
instanceKlass com/fasterxml/jackson/core/util/JsonRecyclerPools
instanceKlass com/fasterxml/jackson/core/sym/ByteQuadsCanonicalizer$TableInfo
instanceKlass com/fasterxml/jackson/core/sym/ByteQuadsCanonicalizer
instanceKlass com/fasterxml/jackson/core/io/CharTypes
instanceKlass com/fasterxml/jackson/core/io/JsonStringEncoder
instanceKlass com/fasterxml/jackson/core/io/SerializedString
instanceKlass com/fasterxml/jackson/core/util/JacksonFeature
instanceKlass com/fasterxml/jackson/core/JsonGenerator
instanceKlass com/fasterxml/jackson/core/async/ByteArrayFeeder
instanceKlass com/fasterxml/jackson/core/async/ByteBufferFeeder
instanceKlass com/fasterxml/jackson/core/async/NonBlockingInputFeeder
instanceKlass com/fasterxml/jackson/core/JsonParser
instanceKlass com/fasterxml/jackson/core/TSFBuilder
instanceKlass com/fasterxml/jackson/core/SerializableString
instanceKlass com/fasterxml/jackson/core/TokenStreamFactory
instanceKlass com/fasterxml/jackson/core/Versioned
instanceKlass org/gradle/internal/cc/impl/problems/JsonWriter
instanceKlass org/gradle/internal/cc/impl/problems/JsonModelWriter
instanceKlass org/gradle/internal/cc/impl/problems/HtmlReportTemplate
instanceKlass kotlin/io/TextStreamsKt
instanceKlass org/gradle/internal/configuration/problems/HtmlReportTemplateLoaderKt
instanceKlass org/gradle/internal/configuration/problems/HtmlReportTemplateLoader
instanceKlass kotlin/text/_OneToManyTitlecaseMappingsKt
instanceKlass org/gradle/internal/extensions/stdlib/CharSequenceExtensionsKt
instanceKlass org/gradle/problems/internal/impl/JsonProblemWriter
instanceKlass org/gradle/api/problems/internal/ProblemTaskIdentityTracker
instanceKlass org/gradle/problems/internal/services/ProblemSummaryInfo
instanceKlass org/gradle/api/problems/internal/DefaultProblem
instanceKlass org/gradle/api/problems/internal/DefaultProblemDefinition
instanceKlass org/gradle/api/problems/internal/DefaultStackTraceLocation
instanceKlass org/gradle/api/problems/internal/StackTraceLocation
instanceKlass org/gradle/api/problems/internal/DefaultFileLocation
instanceKlass org/gradle/api/problems/LineInFileLocation
instanceKlass org/gradle/api/problems/FileLocation
instanceKlass org/gradle/api/problems/internal/DefaultProblemBuilder$UnsupportedAdditionalDataSpec
instanceKlass org/gradle/internal/deprecation/DeprecatedFeatureUsage$1
instanceKlass org/gradle/api/problems/internal/DefaultDeprecationData$DefaultDeprecationDataBuilder
instanceKlass org/gradle/api/problems/internal/DefaultDeprecationData
instanceKlass org/gradle/internal/featurelifecycle/LoggingDeprecatedFeatureHandler$1$1
instanceKlass org/gradle/api/problems/internal/PluginIdLocation
instanceKlass org/gradle/api/problems/ProblemLocation
instanceKlass org/gradle/api/problems/internal/InternalProblem
instanceKlass org/gradle/api/problems/ProblemDefinition
instanceKlass org/gradle/api/problems/internal/DefaultProblemBuilder
instanceKlass org/gradle/internal/featurelifecycle/LoggingDeprecatedFeatureHandler$1
instanceKlass org/gradle/internal/problems/DefaultProblemDiagnosticsFactory$DefaultProblemDiagnostics
instanceKlass org/gradle/problems/Location
instanceKlass org/gradle/internal/problems/failure/StackFramePredicate$1
instanceKlass org/gradle/internal/problems/failure/DefaultFailure
instanceKlass org/gradle/internal/problems/failure/DefaultFailureFactory$Job$SuppressedAndCauses
instanceKlass org/gradle/api/problems/internal/ProblemLocator$1
instanceKlass org/gradle/internal/problems/failure/Failure
instanceKlass org/gradle/internal/problems/failure/DefaultFailureFactory$Job
instanceKlass java/lang/StackTraceElement$HashedModules
instanceKlass org/gradle/internal/featurelifecycle/StackTraceSanitizer
instanceKlass org/gradle/internal/featurelifecycle/FeatureUsage
instanceKlass org/gradle/internal/deprecation/DeprecationMessage
instanceKlass org/gradle/internal/deprecation/DeprecationMessageBuilder$WithDocumentation
instanceKlass org/gradle/internal/deprecation/Documentation
instanceKlass org/gradle/api/problems/internal/InternalDocLink
instanceKlass org/gradle/internal/deprecation/Documentation$AbstractBuilder
instanceKlass org/gradle/internal/deprecation/DeprecationTimeline
instanceKlass org/gradle/features/internal/binding/DefaultProjectFeatureDeclarations$RegisteringPluginKey
instanceKlass com/android/build/api/extension/impl/OperationsRegistrar$Operation
instanceKlass com/android/build/api/extension/impl/AndroidComponentsExtensionImpl$onVariants$1
instanceKlass org/jetbrains/kotlin/compose/compiler/gradle/internal/ComposeAgpMappingFileKt$configureComposeMappingFile$1$configuration$2
instanceKlass org/jetbrains/kotlin/compose/compiler/gradle/internal/ComposeAgpMappingFileKt$configureComposeMappingFile$1
instanceKlass org/jetbrains/kotlin/compose/compiler/gradle/internal/ComposeAgpMappingFileKt
instanceKlass org/jetbrains/kotlin/compose/compiler/gradle/ComposeCompilerGradlePluginExtension$featureFlags$2
instanceKlass org/jetbrains/kotlin/compose/compiler/gradle/ComposeCompilerGradlePluginExtension$featureFlags$1
instanceKlass kotlin/collections/ArraysKt___ArraysKt$asIterable$$inlined$Iterable$1
instanceKlass org/jetbrains/kotlin/compose/compiler/gradle/ComposeFeatureFlag
instanceKlass org/jetbrains/kotlin/compose/compiler/gradle/ComposeCompilerGradlePluginExtension
instanceKlass org/jetbrains/kotlin/gradle/plugin/SubpluginOption
instanceKlass org/jetbrains/kotlin/gradle/plugin/SubpluginArtifact
instanceKlass com/android/build/gradle/api/AndroidBasePlugin
instanceKlass com/android/build/gradle/internal/crash/CrashReporting$afterEvaluate$1
instanceKlass com/android/build/gradle/internal/plugins/BasePlugin$createTasks$2
instanceKlass com/android/build/gradle/internal/TaskManager$Companion$createCoreLibraryDesugaringConfig$1
instanceKlass com/android/build/gradle/internal/TaskManager$Companion$createTasksBeforeEvaluate$9
instanceKlass com/android/build/gradle/internal/TaskManager$Companion$createTasksBeforeEvaluate$8
instanceKlass com/android/build/gradle/internal/lint/AndroidLintGlobalTask$UpdateBaselineCreationAction$Companion
instanceKlass com/android/build/gradle/internal/lint/LintTaskManager$createBeforeEvaluateLintTasks$1
instanceKlass com/android/build/gradle/internal/lint/AndroidLintGlobalTask$GlobalCreationAction$Companion
instanceKlass com/android/build/gradle/internal/lint/AndroidLintGlobalTask$LintFixCreationAction$Companion
instanceKlass com/android/build/gradle/internal/lint/LintTaskManager$Companion
instanceKlass com/android/build/gradle/internal/lint/LintTaskManager
instanceKlass com/android/build/gradle/internal/TaskManager$Companion$createTasksBeforeEvaluate$6
instanceKlass com/android/build/gradle/internal/TaskManager$Companion$createTasksBeforeEvaluate$5
instanceKlass com/android/build/gradle/internal/TaskManager$Companion$createTasksBeforeEvaluate$4
instanceKlass com/android/build/api/artifact/impl/SingleInitialProviderRequestImpl$on$2
instanceKlass com/android/build/api/artifact/impl/SingleInitialProviderRequestImpl$on$1
instanceKlass com/android/build/api/artifact/impl/ArtifactNamingContext
instanceKlass com/android/build/api/artifact/impl/SinglePropertyAdapter
instanceKlass com/android/build/api/artifact/impl/PropertyAdapter
instanceKlass com/android/build/api/artifact/impl/ArtifactContainer
instanceKlass com/android/build/api/artifact/Artifact$Replaceable
instanceKlass com/android/build/gradle/ProguardFiles
instanceKlass com/android/build/api/artifact/impl/SingleInitialProviderRequestImpl
instanceKlass com/android/build/gradle/internal/tasks/factory/TaskConfigurationActions
instanceKlass com/android/build/gradle/internal/tasks/factory/TaskFactoryUtils
instanceKlass com/android/build/gradle/internal/tasks/UsesAnalytics
instanceKlass com/android/build/gradle/internal/tasks/GlobalTask
instanceKlass com/android/build/gradle/internal/tasks/factory/TaskCreationAction
instanceKlass com/android/build/gradle/internal/tasks/factory/TaskConfigAction
instanceKlass com/android/build/gradle/internal/tasks/factory/TaskProviderCallback
instanceKlass com/android/build/gradle/internal/tasks/factory/PreConfigAction
instanceKlass com/android/build/gradle/internal/tasks/factory/TaskInformation
instanceKlass com/android/build/gradle/internal/TaskManager$Companion$createTasksBeforeEvaluate$3
instanceKlass com/android/build/gradle/internal/TaskManager$Companion$createTasksBeforeEvaluate$2
instanceKlass com/android/build/gradle/internal/TaskManager$Companion$createTasksBeforeEvaluate$1
instanceKlass com/android/build/gradle/internal/tasks/factory/TaskFactoryImpl
instanceKlass com/android/build/gradle/internal/tasks/factory/TaskFactory
instanceKlass com/android/build/gradle/internal/services/TaskCreationServices
instanceKlass com/android/build/gradle/internal/services/VariantServices
instanceKlass com/android/build/gradle/internal/services/VariantBuilderServices
instanceKlass com/android/build/gradle/internal/api/ReadOnlyObjectProvider
instanceKlass com/android/build/gradle/internal/api/VariantFilter
instanceKlass com/android/build/gradle/options/SigningOptions
instanceKlass com/android/build/gradle/internal/tasks/SigningConfigUtils$Companion
instanceKlass com/android/build/gradle/internal/tasks/SigningConfigUtils
instanceKlass com/android/build/gradle/internal/VariantManager$Companion
instanceKlass com/android/build/gradle/internal/TaskManager$Companion
instanceKlass com/android/build/gradle/internal/plugins/BasePlugin$createTasks$1
instanceKlass com/android/build/gradle/internal/plugins/AndroidPluginBaseServices$applyBaseServices$4
instanceKlass org/gradle/testing/jacoco/plugins/JacocoPlugin
instanceKlass com/android/builder/core/AbstractBuildType$Companion
instanceKlass com/android/build/gradle/internal/dsl/BuildType$Companion
instanceKlass com/android/builder/signing/DefaultSigningConfig$Companion
instanceKlass com/android/builder/signing/DefaultSigningConfig$DebugSigningConfig
instanceKlass com/android/build/gradle/internal/cxx/configure/NativeModelBuilderOutcomeOrBuilder
instanceKlass com/android/builder/model/v2/models/ndk/NativeModule
instanceKlass com/android/builder/model/v2/AndroidModel
instanceKlass com/android/build/gradle/internal/cxx/gradle/generator/CxxMetadataGenerator
instanceKlass com/android/build/gradle/internal/cxx/model/CxxAbiModel
instanceKlass com/android/builder/model/v2/models/ndk/NativeModelBuilderParameter
instanceKlass com/android/build/gradle/internal/ide/v2/NativeModelBuilder
instanceKlass com/android/build/gradle/internal/ide/v2/ModelBuilder$Companion
instanceKlass com/android/build/gradle/internal/ide/v2/ModelBuilder
instanceKlass com/android/build/gradle/internal/variant/VariantModelImpl
instanceKlass com/android/build/gradle/internal/tasks/factory/GlobalTaskNamesImpl
instanceKlass com/android/build/gradle/internal/tasks/factory/GlobalTaskNames
instanceKlass com/android/build/gradle/internal/attribution/BuildAnalyzerIssueReporter$Companion
instanceKlass com/android/build/gradle/internal/attribution/BuildAnalyzerIssueReporter
instanceKlass kotlin/jvm/internal/AdaptedFunctionReference
instanceKlass com/android/build/api/artifact/impl/ScopedArtifactsImpl
instanceKlass com/android/build/api/variant/ScopedArtifacts
instanceKlass com/android/build/api/variant/impl/DeferredActionManager
instanceKlass com/android/build/api/artifact/impl/TypedStorageProvider
instanceKlass com/android/build/api/artifact/impl/StorageProviderImpl
instanceKlass com/android/build/api/artifact/impl/ArtifactsImpl
instanceKlass com/android/build/api/artifact/Artifacts
instanceKlass com/android/build/gradle/internal/core/ToolExecutionOptions
instanceKlass com/android/build/gradle/internal/core/ExecutionProfileOptions
instanceKlass com/android/build/gradle/internal/core/SettingsOptionsKt
instanceKlass com/android/build/gradle/internal/services/FakeDependencyJarBuildService$FakeDependencyJarCreator$Params$Inject_
instanceKlass com/android/build/gradle/internal/services/FakeDependencyJarBuildService$FakeDependencyJarCreator$Params_Decorated
instanceKlass com/android/build/gradle/internal/services/FakeDependencyJarBuildService$FakeDependencyJarCreator$Params
instanceKlass com/android/build/gradle/internal/services/FakeDependencyJarBuildService$lazyCachedFakeJar$1
instanceKlass com/android/build/gradle/internal/services/FakeDependencyJarBuildService$FakeDependencyJarCreator
instanceKlass com/android/build/gradle/internal/services/FakeDependencyJarBuildService$Params$Inject_
instanceKlass com/android/build/gradle/internal/tasks/factory/GlobalTaskCreationConfigImpl$Companion
instanceKlass com/android/build/gradle/LintLifecycleExtensionImpl
instanceKlass com/android/build/api/variant/LintLifecycleExtension
instanceKlass com/android/build/api/AndroidPluginVersion
instanceKlass com/android/build/api/variant/DslExtension
instanceKlass com/android/build/gradle/internal/core/dsl/impl/features/DeviceTestOptionsDslInfoImpl
instanceKlass com/android/build/gradle/internal/core/dsl/features/DeviceTestOptionsDslInfo
instanceKlass com/android/build/gradle/internal/core/dsl/features/TestOptionsDslInfo
instanceKlass com/android/build/gradle/internal/dsl/SdkComponentsImpl$adb$1
instanceKlass com/android/build/gradle/internal/dsl/SdkComponentsImpl$sdkDirectory$1
instanceKlass com/android/build/api/variant/Aidl
instanceKlass com/android/build/api/variant/Aapt2
instanceKlass com/android/build/gradle/internal/dsl/SdkComponentsImpl
instanceKlass com/android/build/api/extension/impl/VariantSelectorImpl
instanceKlass com/android/build/api/variant/VariantSelector
instanceKlass com/android/build/api/extension/impl/OperationsRegistrar
instanceKlass com/android/build/api/variant/VariantFilter
instanceKlass com/android/builder/core/LibraryRequest
instanceKlass com/android/build/gradle/api/ApplicationVariant
instanceKlass com/android/build/gradle/internal/api/TestedVariant
instanceKlass com/android/builder/testing/api/TestServer
instanceKlass com/android/builder/testing/api/DeviceProvider
instanceKlass com/android/builder/core/DefaultDexOptions
instanceKlass com/android/builder/core/DexOptions
instanceKlass com/android/build/gradle/api/UnitTestVariant
instanceKlass com/android/build/gradle/api/TestVariant
instanceKlass com/android/build/gradle/api/ApkVariant
instanceKlass com/android/build/gradle/internal/core/InternalBaseVariant
instanceKlass com/android/build/gradle/api/AndroidArtifactVariant
instanceKlass com/android/build/gradle/api/VersionedVariant
instanceKlass com/android/build/gradle/api/InstallableVariant
instanceKlass com/android/build/api/dsl/SingleVariant
instanceKlass com/android/build/api/dsl/PublishingOptions
instanceKlass com/android/build/gradle/internal/dsl/DexPackagingImpl$AgpDecorated
instanceKlass com/android/build/gradle/internal/dsl/decorator/LockableSet$LockableIterator
instanceKlass kotlin/jvm/internal/markers/KMutableIterator
instanceKlass com/android/build/gradle/internal/packaging/PackagingOptionsUtilsKt
instanceKlass com/google/common/math/IntMath$1
instanceKlass com/google/common/math/MathPreconditions
instanceKlass com/google/common/math/IntMath
instanceKlass com/google/common/base/Charsets
instanceKlass com/android/build/gradle/internal/CompileOptions$Companion
instanceKlass com/android/tools/lint/model/LintModelSeverity$Companion
instanceKlass java/security/KeyStore$1
instanceKlass java/security/KeyStore
instanceKlass com/android/build/gradle/internal/dsl/EmulatorControl
instanceKlass com/android/build/gradle/internal/dsl/DeviceGroupFactory
instanceKlass com/android/build/gradle/internal/dsl/ManagedDevices$localDevices$1$2
instanceKlass com/android/build/gradle/internal/dsl/ManagedDevices$localDevices$1$1
instanceKlass com/android/build/gradle/internal/dsl/ManagedVirtualDeviceFactory
instanceKlass com/android/build/gradle/internal/dsl/ManagedDevices$allDevices$1$2
instanceKlass com/android/build/gradle/internal/dsl/ManagedDevices$allDevices$1$1
instanceKlass com/android/build/gradle/internal/dsl/ManagedVirtualDevice
instanceKlass com/android/build/api/dsl/ManagedVirtualDevice
instanceKlass com/android/build/api/dsl/DeviceGroup
instanceKlass com/android/build/api/dsl/Device
instanceKlass com/android/build/gradle/internal/dsl/ManagedDevices
instanceKlass com/android/build/api/dsl/ManagedDevices
instanceKlass com/android/build/gradle/internal/dsl/TestOptions$UnitTestOptions
instanceKlass com/android/build/api/dsl/UnitTestOptions
instanceKlass com/android/build/api/dsl/EmulatorControl
instanceKlass com/android/build/gradle/internal/dsl/ApplicationExtensionImpl$dataBinding$1
instanceKlass com/android/build/gradle/internal/dsl/BuildFeaturesImpl
instanceKlass com/android/build/gradle/internal/dsl/TestFixturesImpl
instanceKlass com/android/builder/core/ToolsRevisionUtils
instanceKlass com/android/build/gradle/internal/dsl/CompileSdkDelegate
instanceKlass com/android/build/gradle/internal/dsl/CompileSdkProperties
instanceKlass org/gradle/declarative/dsl/model/annotations/Configuring
instanceKlass com/android/build/api/dsl/SdkComponents
instanceKlass com/android/build/api/dsl/TestFixtures
instanceKlass com/android/build/api/dsl/ApplicationAndroidResources
instanceKlass com/android/build/api/dsl/ApplicationInstallation
instanceKlass com/android/build/gradle/internal/coverage/JacocoOptions
instanceKlass com/android/build/api/dsl/JacocoOptions
instanceKlass com/android/build/gradle/internal/dsl/AdbOptions
instanceKlass com/android/build/api/dsl/AdbOptions
instanceKlass com/android/build/api/dsl/Installation
instanceKlass com/android/builder/model/AdbOptions
instanceKlass com/android/build/api/dsl/ApplicationBuildFeatures
instanceKlass com/android/build/api/dsl/BuildFeatures
instanceKlass com/android/build/gradle/internal/dsl/ComposeOptionsImpl
instanceKlass com/android/build/api/dsl/ComposeOptions
instanceKlass com/android/build/api/dsl/TestCoverage
instanceKlass com/android/build/gradle/internal/dsl/LintOptions
instanceKlass com/android/build/api/dsl/LintOptions
instanceKlass com/android/builder/model/LintOptions
instanceKlass com/android/build/gradle/api/BaseVariantOutput
instanceKlass com/android/build/OutputFile
instanceKlass com/android/build/VariantOutput
instanceKlass com/android/build/gradle/internal/variant/LegacyVariantInputManager$6
instanceKlass com/android/build/gradle/internal/variant/LegacyVariantInputManager$5
instanceKlass com/android/build/gradle/internal/variant/LegacyVariantInputManager$4
instanceKlass com/android/build/gradle/internal/variant/LegacyVariantInputManager$3
instanceKlass com/android/build/gradle/internal/variant/LegacyVariantInputManager$2
instanceKlass com/android/build/gradle/internal/variant/LegacyVariantInputManager$1
instanceKlass com/android/build/gradle/internal/api/DefaultAndroidSourceSet$AndroidSourceDirectorySetFactory
instanceKlass com/android/build/gradle/internal/api/DefaultAndroidSourceFile
instanceKlass org/gradle/internal/typeconversion/CharSequenceNotationParser
instanceKlass com/android/build/api/artifact/ArtifactKind
instanceKlass com/android/build/api/artifact/Artifact$Companion
instanceKlass com/android/build/api/artifact/Artifact
instanceKlass com/google/common/base/Ascii
instanceKlass com/android/build/gradle/internal/api/DefaultAndroidSourceDirectorySet
instanceKlass com/android/builder/model/v2/CustomSourceDirectory
instanceKlass com/android/build/gradle/api/AndroidSourceFile
instanceKlass com/android/build/api/dsl/AndroidSourceFile
instanceKlass com/android/build/gradle/api/AndroidSourceDirectorySet
instanceKlass com/android/build/api/dsl/AndroidSourceDirectorySet
instanceKlass com/android/build/gradle/internal/api/DefaultAndroidSourceSet
instanceKlass com/android/builder/model/SourceProvider
instanceKlass com/android/build/gradle/internal/VariantDimensionData
instanceKlass org/gradle/api/internal/artifacts/configurations/ExtendedConfigurations$RealizedExtendedConfiguration
instanceKlass com/android/build/gradle/internal/api/LazyAndroidSourceSet
instanceKlass com/android/build/gradle/internal/dependency/SourceSetManager$createConfigurationsForSourceSet$2
instanceKlass com/android/build/gradle/internal/api/AndroidSourceSetName$Companion
instanceKlass com/android/build/gradle/internal/api/AndroidSourceSetName
instanceKlass com/android/build/gradle/internal/dsl/decorator/annotation/NonNullableSetter
instanceKlass com/android/build/gradle/internal/dsl/AarMetadataImpl$AgpDecorated
instanceKlass org/gradle/process/CommandLineArgumentProvider
instanceKlass com/android/resources/Density
instanceKlass com/android/resources/ResourceEnum
instanceKlass com/google/common/collect/Platform
instanceKlass com/google/common/collect/Multiset
instanceKlass com/google/common/collect/AbstractMultimap
instanceKlass com/google/common/primitives/IntsMethodsForWeb
instanceKlass com/google/common/collect/ListMultimap
instanceKlass com/google/common/collect/Multimap
instanceKlass com/google/common/collect/Sets
instanceKlass com/android/build/gradle/internal/dsl/ExternalNativeCmakeOptions
instanceKlass com/android/build/api/dsl/CmakeFlags
instanceKlass com/android/build/gradle/internal/dsl/CoreExternalNativeCmakeOptions
instanceKlass com/android/build/gradle/internal/dsl/ExternalNativeNdkBuildOptions
instanceKlass com/android/build/gradle/internal/dsl/CoreExternalNativeNdkBuildOptions
instanceKlass com/android/build/api/dsl/NdkBuildFlags
instanceKlass com/google/common/collect/Lists
instanceKlass com/android/builder/internal/BaseConfigImpl$Companion
instanceKlass com/android/builder/core/AbstractProductFlavor$Companion
instanceKlass com/android/build/gradle/internal/dsl/MinSdkDelegate
instanceKlass com/android/build/gradle/internal/dsl/MinSdkProperties
instanceKlass org/objectweb/asm/Handler
instanceKlass org/objectweb/asm/Attribute
instanceKlass org/objectweb/asm/Edge
instanceKlass org/objectweb/asm/Label
instanceKlass org/objectweb/asm/Frame
instanceKlass com/android/build/gradle/internal/dsl/decorator/annotation/WithLazyInitialization
instanceKlass com/android/build/gradle/internal/dsl/decorator/annotation/RuntimeGuardedExperimentalApi
instanceKlass sun/reflect/annotation/AnnotationInvocationHandler$1
instanceKlass com/android/build/gradle/internal/dsl/decorator/DslDecorator$ManagedProperty
instanceKlass com/android/builder/model/ClassField
instanceKlass kotlin/jvm/JvmStatic
instanceKlass com/android/builder/core/AbstractProductFlavor$DimensionRequest
instanceKlass org/gradle/declarative/dsl/model/annotations/Restricted
instanceKlass com/android/utils/StringHelper
instanceKlass com/android/build/gradle/internal/dsl/ShaderOptions
instanceKlass com/android/build/api/dsl/Shaders
instanceKlass com/android/build/gradle/internal/dsl/CoreShaderOptions
instanceKlass com/android/build/gradle/internal/dsl/ExternalNativeBuildOptions
instanceKlass com/android/build/gradle/internal/dsl/CoreExternalNativeBuildOptions
instanceKlass com/android/build/api/dsl/ExternalNativeBuildFlags
instanceKlass com/android/build/api/dsl/MinSdkVersion
instanceKlass com/android/builder/core/DefaultVectorDrawablesOptions
instanceKlass com/android/builder/model/VectorDrawablesOptions
instanceKlass com/android/build/api/dsl/VectorDrawables
instanceKlass com/android/build/gradle/internal/dsl/NdkOptions
instanceKlass com/android/build/api/dsl/Ndk
instanceKlass com/android/build/gradle/internal/dsl/CoreNdkOptions
instanceKlass com/android/builder/model/ApiVersion
instanceKlass com/android/build/gradle/internal/dsl/decorator/DslDecorator$CollectingInfoVisitor
instanceKlass com/android/build/gradle/internal/dsl/decorator/DslDecorator$ClassInfoVisitor
instanceKlass org/objectweb/asm/ByteVector
instanceKlass org/objectweb/asm/Symbol
instanceKlass org/objectweb/asm/SymbolTable
instanceKlass org/objectweb/asm/FieldVisitor
instanceKlass org/objectweb/asm/MethodVisitor
instanceKlass org/objectweb/asm/AnnotationVisitor
instanceKlass org/objectweb/asm/ModuleVisitor
instanceKlass org/objectweb/asm/RecordComponentVisitor
instanceKlass org/objectweb/asm/ClassVisitor
instanceKlass org/objectweb/asm/commons/Method
instanceKlass com/android/build/gradle/internal/dsl/decorator/DslDecorator$Companion
instanceKlass com/android/build/gradle/internal/dsl/decorator/DslDecorator
instanceKlass com/android/build/gradle/internal/dsl/FusedLibraryExtensionImpl
instanceKlass com/android/build/gradle/internal/dsl/InternalFusedLibraryExtension
instanceKlass com/android/build/api/dsl/FusedLibraryExtension
instanceKlass com/android/build/gradle/internal/dsl/TargetSdkSpecImpl
instanceKlass com/android/build/api/dsl/TargetSdkSpec
instanceKlass com/android/build/gradle/internal/dsl/MaxSdkSpecImpl
instanceKlass com/android/build/api/dsl/MaxSdkSpec
instanceKlass com/android/build/gradle/internal/dsl/MinSdkSpecImpl
instanceKlass com/android/build/api/dsl/MinSdkSpec
instanceKlass com/android/build/gradle/internal/dsl/CompileSdkSpecImpl
instanceKlass com/android/build/api/dsl/CompileSdkSpec
instanceKlass com/android/build/gradle/internal/dsl/JUnitEngineSpecImpl
instanceKlass com/android/build/api/dsl/JUnitEngineSpec
instanceKlass com/android/build/gradle/internal/dsl/AgpTestSuiteImpl
instanceKlass com/android/build/api/dsl/AgpTestSuite
instanceKlass org/gradle/testing/base/TestSuite
instanceKlass com/android/build/gradle/internal/dsl/VcsInfoImpl
instanceKlass com/android/build/api/dsl/VcsInfo
instanceKlass com/android/build/gradle/internal/dsl/MultiDexConfigImpl
instanceKlass com/android/build/api/dsl/MultiDexConfig
instanceKlass com/android/build/gradle/internal/dsl/DependencySelectionImpl
instanceKlass com/android/build/api/dsl/DependencySelection
instanceKlass com/android/build/api/dsl/LibraryKeepRules
instanceKlass com/android/build/api/dsl/ConsumerKeepRules
instanceKlass com/android/build/gradle/internal/dsl/AaptOptions
instanceKlass com/android/build/api/dsl/AaptOptions
instanceKlass com/android/build/api/dsl/LibraryAndroidResources
instanceKlass com/android/build/api/dsl/AndroidResources
instanceKlass com/android/build/gradle/internal/dsl/KmpOptimizationImpl
instanceKlass com/android/build/api/dsl/KmpOptimization
instanceKlass com/android/build/gradle/internal/dsl/ConfigurableFilesImpl
instanceKlass com/android/build/api/dsl/ConfigurableFiles
instanceKlass com/android/build/gradle/internal/dsl/ViewBindingOptionsImpl
instanceKlass com/android/build/gradle/api/ViewBindingOptions
instanceKlass com/android/build/api/dsl/ViewBinding
instanceKlass com/android/build/gradle/internal/dsl/TestOptions
instanceKlass com/android/build/api/dsl/TestOptions
instanceKlass com/android/build/gradle/internal/dsl/Splits
instanceKlass com/android/build/api/dsl/Splits
instanceKlass com/android/build/gradle/internal/dsl/SigningConfigImpl
instanceKlass com/android/build/gradle/internal/dsl/ResourcesPackagingImpl
instanceKlass com/android/build/api/dsl/ResourcesPackaging
instanceKlass com/android/build/gradle/internal/dsl/OptimizationImpl
instanceKlass com/android/build/api/dsl/Optimization
instanceKlass com/android/build/gradle/internal/dsl/PackagingOptions
instanceKlass com/android/builder/model/PackagingOptions
instanceKlass com/android/build/api/dsl/Packaging
instanceKlass com/android/build/gradle/internal/dsl/NdkBuildOptions
instanceKlass com/android/build/gradle/internal/model/CoreNdkBuildOptions
instanceKlass com/android/build/api/dsl/NdkBuild
instanceKlass com/android/build/api/dsl/LibraryPublishing
instanceKlass com/android/build/gradle/internal/dsl/BaselineProfileImpl
instanceKlass com/android/build/api/dsl/BaselineProfile
instanceKlass com/android/build/gradle/internal/dsl/KeepRulesImpl
instanceKlass com/android/build/api/dsl/KeepRules
instanceKlass com/android/build/gradle/internal/dsl/JniLibsPackagingImpl
instanceKlass com/android/build/api/dsl/JniLibsPackaging
instanceKlass com/android/build/gradle/internal/dsl/JavaCompileOptions
instanceKlass com/android/build/gradle/api/JavaCompileOptions
instanceKlass com/android/build/api/dsl/JavaCompileOptions
instanceKlass com/android/build/gradle/internal/dsl/ExternalNativeBuild
instanceKlass com/android/build/gradle/internal/model/CoreExternalNativeBuild
instanceKlass com/android/build/api/dsl/ExternalNativeBuild
instanceKlass com/android/build/gradle/internal/dsl/DependenciesInfoImpl
instanceKlass com/android/build/api/dsl/DependenciesInfo
instanceKlass com/android/build/gradle/internal/dsl/DexPackagingImpl
instanceKlass com/android/build/api/dsl/DexPackaging
instanceKlass com/android/build/gradle/internal/dsl/DataBindingOptions
instanceKlass com/android/builder/model/DataBindingOptions
instanceKlass com/android/build/api/dsl/DataBinding
instanceKlass com/android/build/gradle/internal/dsl/LintImpl
instanceKlass com/android/build/gradle/internal/CompileOptions
instanceKlass com/android/build/api/dsl/CompileOptions
instanceKlass com/android/build/gradle/internal/dsl/CmakeOptions
instanceKlass com/android/build/gradle/internal/model/CoreCmakeOptions
instanceKlass com/android/build/api/dsl/Cmake
instanceKlass com/android/build/gradle/internal/dsl/BundleOptionsStoreArchive
instanceKlass com/android/build/api/dsl/BundleStoreArchive
instanceKlass com/android/build/gradle/internal/dsl/BundleOptionsCodeTransparency
instanceKlass com/android/build/api/dsl/BundleCodeTransparency
instanceKlass com/android/build/gradle/internal/dsl/BundleOptionsTexture
instanceKlass com/android/build/api/dsl/BundleTexture
instanceKlass com/android/build/gradle/internal/dsl/BundleOptionsLanguage
instanceKlass com/android/build/api/dsl/BundleLanguage
instanceKlass com/android/build/gradle/internal/dsl/BundleOptionsCountrySet
instanceKlass com/android/build/api/dsl/BundleCountrySet
instanceKlass com/android/build/gradle/internal/dsl/BundleOptionsDeviceTier
instanceKlass com/android/build/api/dsl/BundleDeviceTier
instanceKlass com/android/build/gradle/internal/dsl/BundleOptionsDeviceGroup
instanceKlass com/android/build/api/dsl/BundleDeviceGroup
instanceKlass com/android/build/gradle/internal/dsl/BundleOptionsDensity
instanceKlass com/android/build/api/dsl/BundleDensity
instanceKlass com/android/build/gradle/internal/dsl/BundleOptionsAiModelVersion
instanceKlass com/android/build/api/dsl/BundleAiModelVersion
instanceKlass com/android/build/gradle/internal/dsl/BundleOptionsAbi
instanceKlass com/android/build/api/dsl/BundleAbi
instanceKlass com/android/build/gradle/internal/dsl/BundleOptions
instanceKlass com/android/build/api/dsl/Bundle
instanceKlass com/android/build/gradle/internal/dsl/AssetPackBundleExtensionImpl
instanceKlass com/android/build/api/dsl/AssetPackBundleExtension
instanceKlass com/android/build/gradle/internal/dsl/AbstractPublishing
instanceKlass com/android/build/api/dsl/ApplicationPublishing
instanceKlass com/android/build/api/dsl/Publishing
instanceKlass com/android/build/gradle/internal/dsl/AnnotationProcessorOptions
instanceKlass com/android/build/gradle/api/AnnotationProcessorOptions
instanceKlass com/android/build/api/dsl/AnnotationProcessorOptions
instanceKlass com/android/build/gradle/internal/dsl/AndroidTestImpl
instanceKlass com/android/build/api/dsl/AndroidTest
instanceKlass com/android/build/gradle/internal/dsl/SplitOptions
instanceKlass com/android/build/api/dsl/AbiSplit
instanceKlass com/android/build/api/dsl/Split
instanceKlass com/android/build/gradle/internal/dsl/AarMetadataImpl
instanceKlass com/android/build/api/dsl/AarMetadata
instanceKlass kotlin/jvm/internal/markers/KMutableMap
instanceKlass kotlin/jvm/internal/markers/KMutableSet
instanceKlass kotlin/jvm/internal/markers/KMutableList
instanceKlass kotlin/jvm/internal/markers/KMutableCollection
instanceKlass kotlin/jvm/internal/markers/KMutableIterable
instanceKlass com/android/build/api/dsl/MaxSdkVersion
instanceKlass com/android/build/api/dsl/TargetSdkVersion
instanceKlass com/android/build/api/dsl/CompileSdkVersion
instanceKlass org/objectweb/asm/Type
instanceKlass com/android/build/gradle/internal/dsl/decorator/SupportedPropertyType
instanceKlass com/android/build/gradle/internal/dsl/decorator/AndroidPluginDslDecoratorKt
instanceKlass com/android/build/api/dsl/TestDefaultConfig
instanceKlass com/android/build/api/dsl/LibraryDefaultConfig
instanceKlass com/android/build/api/dsl/DynamicFeatureDefaultConfig
instanceKlass com/android/build/api/dsl/ApplicationDefaultConfig
instanceKlass com/android/build/api/dsl/DefaultConfig
instanceKlass org/bouncycastle/jcajce/provider/config/ConfigurableProvider
instanceKlass sun/security/util/ManifestEntryVerifier$SunProviderHolder
instanceKlass java/util/Base64$Encoder
instanceKlass java/util/Base64$Decoder
instanceKlass java/util/Base64
instanceKlass javax/crypto/SecretKey
instanceKlass sun/security/util/Length
instanceKlass sun/security/util/KeyUtil
instanceKlass java/security/interfaces/XECKey
instanceKlass java/security/interfaces/ECKey
instanceKlass sun/security/util/JarConstraintsParameters
instanceKlass sun/security/util/ConstraintsParameters
instanceKlass java/security/spec/DSAParameterSpec
instanceKlass java/security/interfaces/DSAParams
instanceKlass java/security/interfaces/DSAPrivateKey
instanceKlass java/security/Timestamp
instanceKlass sun/security/timestamp/TimestampToken
instanceKlass java/security/cert/CertPath
instanceKlass sun/security/rsa/RSAPadding
instanceKlass sun/security/rsa/RSACore
instanceKlass java/security/interfaces/RSAPrivateCrtKey
instanceKlass sun/security/pkcs/PKCS8Key
instanceKlass java/security/interfaces/RSAPrivateKey
instanceKlass java/security/PrivateKey
instanceKlass javax/security/auth/Destroyable
instanceKlass sun/security/jca/ServiceId
instanceKlass java/security/Signature$1
instanceKlass jdk/internal/access/JavaSecuritySignatureAccess
instanceKlass java/security/SignatureSpi
instanceKlass jdk/internal/icu/util/CodePointTrie$Data
instanceKlass jdk/internal/icu/util/CodePointTrie$1
instanceKlass jdk/internal/icu/util/CodePointMap
instanceKlass jdk/internal/icu/util/VersionInfo
instanceKlass jdk/internal/icu/impl/ICUBinary$1
instanceKlass jdk/internal/icu/impl/ICUBinary
instanceKlass jdk/internal/icu/impl/NormalizerImpl$IsAcceptable
instanceKlass jdk/internal/icu/impl/ICUBinary$Authenticate
instanceKlass jdk/internal/icu/impl/NormalizerImpl
instanceKlass jdk/internal/icu/impl/Norm2AllModes$Norm2AllModesSingleton
instanceKlass jdk/internal/icu/impl/Norm2AllModes$NFKCSingleton
instanceKlass jdk/internal/icu/impl/Norm2AllModes
instanceKlass jdk/internal/icu/text/Normalizer2
instanceKlass jdk/internal/icu/text/NormalizerBase$ModeImpl
instanceKlass jdk/internal/icu/text/NormalizerBase$NFKDModeImpl
instanceKlass jdk/internal/icu/text/NormalizerBase$1
instanceKlass jdk/internal/icu/text/NormalizerBase$Mode
instanceKlass jdk/internal/icu/text/NormalizerBase
instanceKlass java/text/Normalizer
instanceKlass sun/security/x509/AVAKeyword
instanceKlass sun/security/util/SignatureUtil
instanceKlass sun/security/pkcs/ESSCertId
instanceKlass sun/security/pkcs/SigningCertificateInfo
instanceKlass sun/security/x509/AccessDescription
instanceKlass sun/security/x509/DNSName
instanceKlass sun/security/x509/URIName
instanceKlass sun/security/x509/GeneralName
instanceKlass sun/security/x509/DistributionPoint
instanceKlass sun/security/x509/CertificatePolicyId
instanceKlass sun/security/x509/PolicyInformation
instanceKlass java/lang/Byte$ByteCache
instanceKlass sun/security/pkcs/PKCS9Attribute
instanceKlass sun/security/pkcs/PKCS9Attributes
instanceKlass sun/security/util/DisabledAlgorithmConstraints$Constraints$Holder
instanceKlass sun/security/util/DisabledAlgorithmConstraints$1
instanceKlass sun/security/util/DisabledAlgorithmConstraints$Constraint
instanceKlass sun/security/util/DisabledAlgorithmConstraints$Constraints
instanceKlass sun/security/util/AbstractAlgorithmConstraints$1
instanceKlass sun/security/util/AlgorithmDecomposer
instanceKlass sun/security/util/DisabledAlgorithmConstraints$JarHolder
instanceKlass sun/security/util/AbstractAlgorithmConstraints
instanceKlass java/security/AlgorithmConstraints
instanceKlass sun/security/pkcs/SignerInfo
instanceKlass java/security/interfaces/DSAPublicKey
instanceKlass java/security/interfaces/DSAKey
instanceKlass java/security/spec/DSAPublicKeySpec
instanceKlass java/security/AlgorithmParametersSpi
instanceKlass java/security/AlgorithmParameters
instanceKlass jdk/internal/event/EventHelper
instanceKlass sun/security/jca/JCAUtil
instanceKlass sun/security/util/MemoryCache$CacheEntry
instanceKlass sun/security/x509/X509AttributeName
instanceKlass sun/security/x509/GeneralNames
instanceKlass sun/security/x509/KeyIdentifier
instanceKlass sun/security/x509/OIDMap$OIDInfo
instanceKlass sun/security/x509/PKIXExtensions
instanceKlass sun/security/x509/OIDMap
instanceKlass sun/security/x509/Extension
instanceKlass java/security/cert/Extension
instanceKlass sun/security/x509/CertificateExtensions
instanceKlass sun/security/rsa/RSAUtil
instanceKlass sun/security/util/IOUtils
instanceKlass java/security/interfaces/RSAPublicKey
instanceKlass java/security/interfaces/RSAKey
instanceKlass java/security/spec/PSSParameterSpec
instanceKlass java/security/spec/RSAPrivateKeySpec
instanceKlass java/security/spec/RSAPublicKeySpec
instanceKlass java/security/KeyFactorySpi
instanceKlass sun/security/jca/ProviderList$ServiceList$1
instanceKlass java/security/KeyFactory
instanceKlass java/security/spec/EncodedKeySpec$1
instanceKlass jdk/internal/access/JavaSecuritySpecAccess
instanceKlass java/security/spec/EncodedKeySpec
instanceKlass java/security/spec/KeySpec
instanceKlass sun/security/util/BitArray
instanceKlass sun/security/x509/X509Key
instanceKlass java/security/PublicKey
instanceKlass java/security/Key
instanceKlass sun/security/x509/CertificateX509Key
instanceKlass sun/security/x509/CertificateValidity
instanceKlass sun/security/x509/AVA
instanceKlass sun/security/x509/RDN
instanceKlass javax/security/auth/x500/X500Principal
instanceKlass sun/security/x509/X500Name$1
instanceKlass sun/security/x509/X500Name
instanceKlass sun/security/x509/GeneralNameInterface
instanceKlass sun/security/x509/CertificateAlgorithmId
instanceKlass sun/security/x509/SerialNumber
instanceKlass sun/security/x509/CertificateSerialNumber
instanceKlass sun/security/x509/CertificateVersion
instanceKlass sun/security/x509/X509CertInfo
instanceKlass sun/security/x509/CertAttrSet
instanceKlass sun/security/util/Cache$EqualByteArray
instanceKlass java/security/cert/X509Extension
instanceKlass sun/security/util/Cache
instanceKlass java/security/cert/CertificateFactorySpi
instanceKlass java/security/cert/CertificateFactory
instanceKlass sun/security/x509/AlgorithmId
instanceKlass sun/security/util/DerValue
instanceKlass sun/security/pkcs/Cont